;4;5;6;7;8;9;10;11;12;13;14;15;16;17;18;19;20;21;22;23;24;25;26;27;28;29;30;31;32;33;34;35;36;37;38;39;40
0;0.625;0.592;0.606666667;0.621333333;0.548;0.540;0.544333333;0.548666667;0.527;0.524;0.522;0.52;0.518;0.516;0.515;0.514;0.513;0.512;0.511;0.511;0.510;0.509;0.509;0.508;0.508;0.507;0.507;0.506;0.506;0.506;0.506;0.505;0.505;0.505;0.505;0.505;0.505
1;0.5;0.5;0.500;0.500;0.5;0.5;0.500;0.500;0.5;0.5;0.500;0.500;0.5;0.5;0.500;0.500;0.5;0.5;0.500;0.500;0.5;0.5;0.500;0.500;0.5;0.5;0.500;0.500;0.5;0.5;0.500;0.500;0.5;0.5;0.500;0.500;0.5
2;0.375;0.408;0.43;0.443;0.452;0.460;0.4655;0.47;0.473;0.476;0.4785;0.4805;0.482;0.484;0.485;0.4865;0.487;0.488;0.489;0.4895;0.490;0.491;0.4915;0.492;0.492;0.493;0.493;0.4935;0.494;0.494;0.494;0.4945;0.495;0.495;0.495;0.495;0.495
3;0.271;0.325;0.360;0.386;0.406;0.4205;0.431;0.440;0.4465;0.4525;0.457;0.461;0.4645;0.468;0.470;0.473;0.4745;0.476;0.478;0.479;0.4805;0.4815;0.483;0.484;0.4845;0.4855;0.486;0.487;0.4875;0.488;0.488;0.489;0.4895;0.4895;0.490;0.490;0.4905
4;0.167;0.242;0.2975;0.3335;0.360;0.381;0.3975;0.4105;0.420;0.429;0.436;0.442;0.447;0.452;0.4555;0.459;0.462;0.464;0.467;0.4685;0.471;0.472;0.474;0.4755;0.477;0.478;0.479;0.48;0.481;0.482;0.4825;0.4835;0.484;0.484;0.485;0.4855;0.486
5;0.1045;0.1795;0.235;0.281;0.317;0.3435;0.364;0.381;0.3945;0.406;0.415;0.423;0.4295;0.436;0.441;0.445;0.449;0.4525;0.456;0.458;0.461;0.463;0.465;0.467;0.469;0.4705;0.472;0.473;0.4745;0.4755;0.477;0.478;0.4785;0.479;0.480;0.481;0.4815
6;0.042;0.117;0.1855;0.236;0.274;0.306;0.332;0.3525;0.369;0.383;0.3945;0.404;0.412;0.420;0.426;0.4315;0.436;0.441;0.445;0.448;0.451;0.454;0.4565;0.459;0.461;0.463;0.465;0.4665;0.468;0.469;0.471;0.472;0.473;0.474;0.475;0.4765;0.477
7;;0.0795;0.136;0.191;0.2365;0.272;0.300;0.324;0.344;0.3605;0.374;0.385;0.395;0.404;0.411;0.418;0.4235;0.429;0.434;0.438;0.4415;0.445;0.448;0.451;0.4535;0.4555;0.458;0.460;0.4615;0.463;0.465;0.466;0.4675;0.469;0.470;0.472;0.4725
8;;0.042;0.102;0.155;0.199;0.238;0.271;0.2975;0.319;0.338;0.354;0.367;0.378;0.388;0.397;0.4045;0.411;0.417;0.423;0.4275;0.432;0.436;0.4395;0.4425;0.446;0.448;0.451;0.453;0.455;0.457;0.459;0.4605;0.462;0.464;0.465;0.467;0.468
9;;0.025;0.068;0.119;0.1685;0.2085;0.242;0.271;0.296;0.3165;0.334;0.349;0.3615;0.373;0.383;0.391;0.399;0.4055;0.412;0.417;0.4225;0.427;0.431;0.434;0.438;0.441;0.444;0.446;0.4485;0.451;0.453;0.455;0.457;0.4585;0.460;0.462;0.4635
10;;0.008;0.048;0.0935;0.138;0.179;0.216;0.247;0.273;0.295;0.3145;0.331;0.345;0.358;0.3685;0.378;0.387;0.394;0.401;0.407;0.413;0.418;0.4225;0.426;0.430;0.434;0.437;0.4395;0.442;0.445;0.4475;0.4495;0.452;0.453;0.455;0.457;0.459
11;;;0.028;0.068;0.1135;0.1545;0.190;0.223;0.2515;0.275;0.295;0.313;0.329;0.343;0.354;0.365;0.3745;0.3825;0.390;0.397;0.4035;0.409;0.414;0.418;0.4225;0.4265;0.430;0.433;0.436;0.439;0.442;0.444;0.4465;0.448;0.450;0.452;0.454
12;;;0.018;0.0515;0.089;0.130;0.168;0.201;0.230;0.255;0.277;0.296;0.313;0.328;0.3405;0.352;0.362;0.371;0.3795;0.387;0.394;0.400;0.4055;0.41;0.415;0.419;0.423;0.4265;0.430;0.433;0.436;0.4385;0.441;0.443;0.445;0.4475;0.449
13;;;0.008;0.035;0.0715;0.11;0.146;0.179;0.21;0.2365;0.259;0.279;0.2975;0.3135;0.327;0.339;0.3505;0.36;0.369;0.377;0.3845;0.391;0.397;0.402;0.4075;0.412;0.416;0.420;0.4235;0.427;0.430;0.433;0.4355;0.438;0.440;0.443;0.4445
14;;;0.0045;0.025;0.054;0.090;0.127;0.16;0.190;0.218;0.242;0.2635;0.282;0.299;0.3135;0.3265;0.339;0.349;0.3585;0.367;0.375;0.382;0.3885;0.394;0.400;0.405;0.409;0.4135;0.417;0.421;0.424;0.4275;0.430;0.433;0.4355;0.438;0.440
15;;;0.001;0.015;0.0425;0.075;0.108;0.141;0.1725;0.201;0.225;0.248;0.2675;0.285;0.300;0.314;0.327;0.338;0.348;0.357;0.3655;0.373;0.380;0.386;0.3925;0.3975;0.402;0.407;0.411;0.415;0.418;0.422;0.425;0.428;0.431;0.433;0.4355
16;;;;0.01;0.031;0.060;0.093;0.125;0.155;0.184;0.2095;0.233;0.253;0.271;0.2875;0.302;0.315;0.327;0.338;0.3475;0.356;0.364;0.3715;0.3785;0.385;0.390;0.3955;0.4005;0.405;0.409;0.4125;0.4165;0.420;0.423;0.426;0.4285;0.431
17;;;;0.005;0.0235;0.049;0.078;0.109;0.14;0.1685;0.194;0.218;0.239;0.258;0.275;0.290;0.304;0.3165;0.328;0.338;0.347;0.3555;0.363;0.371;0.3775;0.383;0.389;0.394;0.3985;0.403;0.407;0.411;0.4145;0.418;0.421;0.424;0.4265
18;;;;0.003;0.016;0.038;0.066;0.0955;0.125;0.153;0.1795;0.204;0.225;0.245;0.2625;0.2785;0.293;0.306;0.318;0.3285;0.338;0.347;0.355;0.363;0.370;0.376;0.382;0.3875;0.392;0.397;0.4015;0.4055;0.409;0.413;0.416;0.419;0.422
19;;;;0.001;0.0115;0.03;0.054;0.082;0.1115;0.1395;0.165;0.190;0.212;0.2325;0.250;0.267;0.282;0.2955;0.308;0.319;0.329;0.3385;0.347;0.355;0.3625;0.369;0.375;0.381;0.386;0.391;0.396;0.400;0.404;0.408;0.411;0.414;0.4175
20;;;;0.0005;0.007;0.022;0.045;0.071;0.098;0.126;0.1525;0.177;0.199;0.220;0.2385;0.256;0.271;0.285;0.2985;0.31;0.320;0.330;0.339;0.3475;0.355;0.362;0.3685;0.3745;0.380;0.385;0.39;0.3945;0.399;0.403;0.406;0.4095;0.413
21;;;;0.000;0.0045;0.017;0.036;0.060;0.087;0.114;0.140;0.164;0.187;0.208;0.227;0.245;0.2605;0.275;0.289;0.301;0.3115;0.322;0.331;0.340;0.348;0.355;0.362;0.368;0.374;0.379;0.384;0.389;0.3935;0.398;0.401;0.405;0.4085
22;;;;;0.002;0.012;0.0295;0.0515;0.076;0.102;0.1285;0.1525;0.175;0.196;0.216;0.234;0.250;0.265;0.2795;0.292;0.303;0.314;0.3235;0.3325;0.341;0.348;0.3555;0.3615;0.368;0.373;0.3785;0.3835;0.388;0.393;0.3965;0.4005;0.404
23;;;;;0.0015;0.009;0.023;0.043;0.067;0.092;0.117;0.141;0.164;0.185;0.205;0.223;0.24;0.2555;0.270;0.283;0.2945;0.3055;0.316;0.325;0.3335;0.341;0.349;0.355;0.362;0.3675;0.373;0.378;0.383;0.388;0.392;0.396;0.3995
24;;;;;0.001;0.006;0.0185;0.0365;0.058;0.082;0.1065;0.1305;0.153;0.174;0.1945;0.213;0.230;0.246;0.261;0.274;0.286;0.297;0.308;0.3175;0.326;0.334;0.3425;0.349;0.356;0.362;0.3675;0.373;0.378;0.383;0.387;0.3915;0.395
25;;;;;0.0005;0.0045;0.014;0.030;0.0505;0.073;0.096;0.120;0.143;0.164;0.184;0.203;0.2205;0.237;0.252;0.265;0.278;0.2895;0.300;0.310;0.319;0.3275;0.336;0.343;0.35;0.356;0.362;0.368;0.373;0.378;0.382;0.387;0.3905
26;;;;;0.000;0.003;0.011;0.025;0.043;0.064;0.0875;0.1105;0.133;0.154;0.1745;0.1935;0.211;0.228;0.243;0.2565;0.270;0.282;0.2925;0.303;0.312;0.321;0.3295;0.337;0.344;0.350;0.3565;0.3625;0.368;0.373;0.3775;0.382;0.386
27;;;;;99;0.002;0.008;0.020;0.037;0.057;0.079;0.101;0.1235;0.1445;0.165;0.184;0.202;0.219;0.234;0.248;0.262;0.274;0.285;0.296;0.305;0.3145;0.323;0.331;0.338;0.3445;0.351;0.357;0.363;0.368;0.373;0.377;0.3815
28;;;;;99;0.001;0.0065;0.0165;0.031;0.050;0.071;0.0925;0.114;0.135;0.156;0.175;0.193;0.210;0.2255;0.24;0.254;0.266;0.2775;0.2885;0.298;0.308;0.3165;0.3245;0.332;0.339;0.3455;0.352;0.358;0.363;0.368;0.3725;0.377
29;;;;;;0.0005;0.005;0.013;0.0265;0.044;0.063;0.084;0.1055;0.1265;0.147;0.166;0.1845;0.2015;0.217;0.232;0.246;0.2585;0.270;0.281;0.2915;0.3015;0.310;0.318;0.326;0.3335;0.340;0.347;0.3525;0.358;0.363;0.368;0.373
30;;;;;;0.000;0.0035;0.0105;0.022;0.038;0.0565;0.077;0.097;0.118;0.1385;0.1575;0.176;0.193;0.209;0.224;0.238;0.251;0.263;0.2745;0.285;0.295;0.304;0.312;0.320;0.328;0.3345;0.3415;0.347;0.353;0.3585;0.3635;0.369
31;;;;;;99;0.002;0.008;0.019;0.0335;0.050;0.070;0.09;0.11;0.130;0.149;0.1675;0.185;0.201;0.216;0.2305;0.244;0.256;0.268;0.2785;0.2885;0.298;0.306;0.3145;0.3225;0.329;0.336;0.3425;0.3485;0.354;0.359;0.3645
32;;;;;;99;0.0015;0.0065;0.016;0.029;0.045;0.0635;0.083;0.102;0.1225;0.141;0.159;0.177;0.1935;0.2085;0.223;0.237;0.249;0.261;0.272;0.282;0.292;0.3005;0.309;0.317;0.324;0.331;0.338;0.344;0.3495;0.3545;0.360
33;;;;;;99;0.001;0.005;0.013;0.025;0.040;0.057;0.0765;0.095;0.115;0.133;0.1515;0.1695;0.186;0.201;0.216;0.2295;0.242;0.254;0.2655;0.276;0.286;0.295;0.3035;0.3115;0.319;0.326;0.333;0.339;0.345;0.350;0.3555
34;;;;;;99;0.0005;0.004;0.010;0.021;0.0355;0.0515;0.070;0.088;0.1075;0.126;0.144;0.162;0.1785;0.194;0.209;0.222;0.2355;0.2475;0.259;0.270;0.28;0.289;0.298;0.306;0.3135;0.321;0.328;0.334;0.3405;0.3455;0.351
35;;;;;;99;0.000;0.003;0.0085;0.018;0.031;0.046;0.064;0.082;0.100;0.119;0.137;0.1545;0.171;0.187;0.202;0.2155;0.229;0.241;0.2525;0.2635;0.274;0.283;0.2925;0.3005;0.308;0.316;0.323;0.3295;0.336;0.341;0.347
36;;;;;;99;99;0.0025;0.007;0.015;0.0275;0.0415;0.058;0.076;0.094;0.112;0.130;0.147;0.164;0.18;0.195;0.209;0.2225;0.2345;0.246;0.257;0.268;0.2775;0.287;0.295;0.303;0.311;0.318;0.325;0.3315;0.3355;0.343
37;;;;;;;99;0.002;0.0055;0.013;0.024;0.037;0.053;0.07;0.088;0.105;0.1235;0.1405;0.157;0.173;0.188;0.2025;0.216;0.228;0.24;0.2515;0.262;0.272;0.2815;0.29;0.298;0.306;0.313;0.32;0.327;0.330;0.3385
38;;;;;;;99;0.0015;0.004;0.011;0.021;0.033;0.048;0.064;0.082;0.099;0.117;0.134;0.1505;0.1665;0.181;0.196;0.2095;0.222;0.234;0.246;0.2565;0.2665;0.276;0.285;0.293;0.301;0.308;0.315;0.3225;0.327;0.334
39;;;;;;;99;0.001;0.0035;0.009;0.018;0.029;0.0435;0.059;0.076;0.093;0.1105;0.1275;0.144;0.160;0.175;0.1895;0.203;0.216;0.228;0.24;0.251;0.261;0.2705;0.2795;0.288;0.296;0.3035;0.3105;0.318;0.324;0.33
40;;;;;;;99;0.0005;0.003;0.007;0.0155;0.026;0.039;0.054;0.071;0.0875;0.104;0.121;0.1375;0.1535;0.169;0.183;0.197;0.21;0.222;0.234;0.245;0.2555;0.265;0.274;0.283;0.291;0.299;0.306;0.3135;0.3195;0.326
41;;;;;;;99;0.000;0.0025;0.006;0.013;0.023;0.0355;0.05;0.066;0.082;0.0985;0.115;0.131;0.147;0.1625;0.177;0.191;0.204;0.2165;0.2285;0.239;0.250;0.26;0.269;0.278;0.286;0.2945;0.3015;0.309;0.315;0.322
42;;;;;;;99;99;0.002;0.005;0.0115;0.0205;0.032;0.046;0.061;0.077;0.093;0.109;0.1255;0.141;0.156;0.171;0.185;0.198;0.211;0.223;0.2335;0.2445;0.255;0.264;0.273;0.2815;0.290;0.297;0.3045;0.311;0.318
43;;;;;;;99;99;0.0015;0.004;0.010;0.018;0.029;0.042;0.056;0.072;0.0875;0.1035;0.120;0.135;0.1505;0.165;0.179;0.192;0.2055;0.2175;0.228;0.239;0.2495;0.259;0.268;0.277;0.285;0.2925;0.300;0.307;0.3135
44;;;;;;;99;99;0.001;0.003;0.0085;0.016;0.026;0.038;0.052;0.067;0.082;0.098;0.1145;0.1295;0.145;0.159;0.1735;0.1865;0.200;0.212;0.223;0.234;0.244;0.254;0.2635;0.272;0.280;0.288;0.2955;0.3025;0.309
45;;;;;;;99;99;0.0005;0.0025;0.007;0.014;0.0235;0.035;0.048;0.062;0.0775;0.093;0.109;0.124;0.1395;0.1535;0.168;0.181;0.1945;0.2065;0.218;0.229;0.239;0.249;0.259;0.267;0.2755;0.2835;0.291;0.298;0.305
46;;;;;;;99;99;0.000;0.002;0.006;0.012;0.021;0.032;0.0445;0.058;0.073;0.088;0.104;0.119;0.134;0.148;0.1625;0.1755;0.189;0.201;0.213;0.224;0.234;0.244;0.254;0.2625;0.271;0.279;0.287;0.294;0.301
47;;;;;;;;99;99;0.0015;0.005;0.010;0.0185;0.029;0.041;0.054;0.0685;0.0835;0.099;0.114;0.1285;0.143;0.157;0.170;0.1835;0.196;0.208;0.219;0.229;0.2395;0.249;0.258;0.2665;0.275;0.283;0.290;0.297
48;;;;;;;;99;99;0.001;0.004;0.009;0.016;0.026;0.0375;0.0505;0.064;0.079;0.094;0.109;0.123;0.138;0.152;0.165;0.178;0.191;0.203;0.214;0.224;0.235;0.2445;0.2535;0.262;0.271;0.2785;0.286;0.293
49;;;;;;;;99;99;0.001;0.003;0.008;0.0145;0.0235;0.034;0.047;0.06;0.0745;0.089;0.104;0.118;0.133;0.147;0.160;0.173;0.186;0.198;0.209;0.2195;0.23;0.240;0.249;0.258;0.2665;0.274;0.282;0.289
50;;;;;;;;99;99;0.001;0.0025;0.007;0.013;0.021;0.0315;0.0435;0.056;0.070;0.0845;0.099;0.113;0.128;0.142;0.155;0.168;0.181;0.193;0.204;0.215;0.225;0.2355;0.2445;0.254;0.262;0.27;0.278;0.285
51;;;;;;;;99;99;0.0005;0.002;0.006;0.0115;0.019;0.029;0.040;0.0525;0.066;0.080;0.094;0.1085;0.123;0.137;0.150;0.163;0.176;0.188;0.199;0.2105;0.2205;0.231;0.240;0.2495;0.258;0.266;0.274;0.281
52;;;;;;;;99;99;0.000;0.002;0.005;0.010;0.017;0.0265;0.037;0.049;0.062;0.076;0.09;0.104;0.118;0.132;0.1455;0.158;0.171;0.183;0.1945;0.206;0.216;0.2265;0.236;0.245;0.254;0.262;0.27;0.277
53;;;;;;;;99;99;99;0.002;0.004;0.009;0.0155;0.024;0.034;0.046;0.0585;0.072;0.086;0.0995;0.1135;0.127;0.141;0.1535;0.1665;0.178;0.190;0.2015;0.2115;0.222;0.232;0.241;0.2495;0.258;0.266;0.2735
54;;;;;;;;99;99;99;0.0015;0.0035;0.008;0.014;0.022;0.0315;0.043;0.055;0.068;0.082;0.095;0.109;0.1225;0.1365;0.149;0.162;0.1735;0.1855;0.197;0.207;0.2175;0.2275;0.237;0.245;0.254;0.262;0.270
55;;;;;;;;99;99;99;0.001;0.003;0.007;0.0125;0.020;0.029;0.04;0.052;0.064;0.078;0.091;0.105;0.118;0.132;0.1445;0.1575;0.169;0.181;0.1925;0.203;0.213;0.223;0.2325;0.241;0.250;0.258;0.266
56;;;;;;;;;99;99;0.001;0.0025;0.006;0.011;0.018;0.027;0.037;0.049;0.061;0.074;0.087;0.101;0.114;0.1275;0.140;0.153;0.1645;0.1765;0.188;0.199;0.209;0.219;0.228;0.237;0.246;0.254;0.262
57;;;;;;;;;99;99;0.001;0.002;0.005;0.01;0.016;0.025;0.0345;0.046;0.058;0.070;0.083;0.097;0.110;0.123;0.1355;0.1485;0.160;0.172;0.1835;0.1945;0.205;0.215;0.224;0.233;0.242;0.250;0.2585
58;;;;;;;;;99;99;0.0005;0.0015;0.004;0.009;0.0145;0.023;0.032;0.043;0.0545;0.0665;0.079;0.093;0.106;0.119;0.131;0.144;0.156;0.168;0.179;0.190;0.2005;0.2105;0.220;0.229;0.238;0.2465;0.255
59;;;;;;;;;99;99;0.000;0.001;0.0035;0.008;0.013;0.021;0.0295;0.04;0.051;0.063;0.0755;0.089;0.102;0.115;0.127;0.14;0.152;0.164;0.175;0.186;0.196;0.206;0.216;0.2255;0.234;0.243;0.251
60;;;;;;;;;99;99;99;0.001;0.003;0.007;0.012;0.019;0.027;0.037;0.048;0.06;0.072;0.085;0.098;0.111;0.123;0.136;0.148;0.1595;0.171;0.182;0.192;0.202;0.212;0.222;0.2305;0.239;0.247
61;;;;;;;;;99;99;99;0.001;0.0025;0.006;0.011;0.017;0.025;0.0345;0.045;0.057;0.069;0.0815;0.094;0.107;0.119;0.132;0.144;0.155;0.167;0.178;0.188;0.198;0.208;0.218;0.227;0.235;0.2435
62;;;;;;;;;99;99;99;0.001;0.002;0.005;0.01;0.0155;0.023;0.032;0.0425;0.054;0.066;0.078;0.0905;0.103;0.115;0.128;0.14;0.151;0.163;0.174;0.184;0.1945;0.204;0.214;0.223;0.2315;0.240
63;;;;;;;;;99;99;99;0.001;0.002;0.0045;0.009;0.014;0.0215;0.03;0.040;0.051;0.0625;0.0745;0.087;0.099;0.1115;0.124;0.136;0.147;0.159;0.17;0.180;0.191;0.2005;0.21;0.219;0.228;0.2365
64;;;;;;;;;99;99;99;0.0005;0.002;0.004;0.008;0.013;0.020;0.028;0.0375;0.0485;0.059;0.071;0.0835;0.0955;0.108;0.120;0.132;0.1435;0.155;0.166;0.1765;0.187;0.197;0.206;0.2155;0.2245;0.233
65;;;;;;;;;99;99;99;0.000;0.0015;0.0035;0.007;0.012;0.0185;0.026;0.035;0.046;0.0565;0.068;0.080;0.092;0.1045;0.116;0.128;0.140;0.151;0.162;0.173;0.183;0.193;0.2025;0.212;0.221;0.2295
66;;;;;;;;;99;99;99;99;0.001;0.003;0.006;0.011;0.017;0.024;0.033;0.0435;0.054;0.065;0.0765;0.0885;0.101;0.112;0.1245;0.136;0.147;0.158;0.169;0.1795;0.189;0.199;0.2085;0.2175;0.226
67;;;;;;;;;;99;99;99;0.001;0.0025;0.005;0.010;0.0155;0.0225;0.031;0.041;0.051;0.062;0.073;0.085;0.0975;0.1085;0.121;0.132;0.1435;0.1545;0.165;0.176;0.1855;0.1955;0.205;0.214;0.2225
68;;;;;;;;;;99;99;99;0.001;0.002;0.0045;0.009;0.014;0.021;0.029;0.0385;0.048;0.059;0.07;0.082;0.094;0.105;0.1175;0.1285;0.140;0.151;0.1615;0.172;0.182;0.192;0.2015;0.2105;0.219
69;;;;;;;;;;99;99;99;0.001;0.002;0.004;0.008;0.013;0.0195;0.027;0.036;0.046;0.0565;0.067;0.079;0.0905;0.102;0.114;0.125;0.1365;0.1475;0.158;0.168;0.1785;0.1885;0.198;0.207;0.2155
70;;;;;;;;;;99;99;99;0.001;0.002;0.0035;0.007;0.012;0.018;0.0255;0.034;0.044;0.054;0.0645;0.076;0.087;0.099;0.1105;0.1215;0.133;0.144;0.1545;0.1645;0.175;0.185;0.1945;0.2035;0.212
71;;;;;;;;;;99;99;99;0.0005;0.0015;0.003;0.006;0.011;0.0165;0.024;0.032;0.0415;0.0515;0.062;0.073;0.084;0.0955;0.107;0.118;0.1295;0.1405;0.151;0.161;0.1715;0.1815;0.191;0.200;0.2085
72;;;;;;;;;;99;99;99;0.000;0.001;0.003;0.0055;0.010;0.015;0.0225;0.03;0.039;0.049;0.0595;0.07;0.081;0.092;0.1035;0.115;0.126;0.137;0.1475;0.1575;0.168;0.178;0.1875;0.1965;0.205
73;;;;;;;;;;99;99;99;99;0.001;0.003;0.005;0.009;0.014;0.021;0.028;0.037;0.0465;0.057;0.067;0.078;0.089;0.100;0.112;0.1225;0.1335;0.144;0.154;0.1645;0.1745;0.184;0.193;0.202
74;;;;;;;;;;99;99;99;99;0.001;0.0025;0.0045;0.008;0.013;0.0195;0.0265;0.035;0.044;0.0545;0.0645;0.075;0.086;0.097;0.1085;0.119;0.130;0.1405;0.151;0.161;0.171;0.1805;0.19;0.199
75;;;;;;;;;;99;99;99;99;0.001;0.002;0.004;0.0075;0.012;0.018;0.025;0.033;0.042;0.052;0.062;0.0725;0.083;0.094;0.105;0.116;0.127;0.137;0.148;0.158;0.168;0.177;0.187;0.1955
76;;;;;;;;;;99;99;99;99;0.001;0.0015;0.0035;0.007;0.011;0.0165;0.0235;0.031;0.040;0.0495;0.0595;0.070;0.080;0.091;0.102;0.113;0.124;0.134;0.1445;0.155;0.165;0.174;0.1835;0.192
77;;;;;;;;;;99;99;99;99;0.0005;0.001;0.003;0.0065;0.01;0.015;0.022;0.0295;0.038;0.047;0.057;0.0675;0.0775;0.088;0.099;0.11;0.1205;0.131;0.141;0.1515;0.1615;0.171;0.180;0.189
78;;;;;;;;;;99;99;99;99;0.000;0.001;0.003;0.006;0.009;0.014;0.0205;0.028;0.036;0.045;0.0545;0.065;0.075;0.0855;0.096;0.107;0.117;0.128;0.138;0.148;0.158;0.168;0.177;0.186
79;;;;;;;;;;;99;99;99;99;0.001;0.003;0.0055;0.0085;0.013;0.019;0.0265;0.034;0.043;0.052;0.0625;0.0725;0.083;0.093;0.104;0.114;0.125;0.135;0.145;0.155;0.165;0.174;0.183
80;;;;;;;;;;;99;99;99;99;0.001;0.0025;0.005;0.008;0.012;0.018;0.025;0.032;0.041;0.05;0.060;0.070;0.08;0.0905;0.101;0.111;0.122;0.132;0.142;0.152;0.1615;0.171;0.180
81;;;;;;;;;;;99;99;99;99;0.001;0.002;0.0045;0.0075;0.011;0.017;0.0235;0.0305;0.039;0.048;0.0575;0.0675;0.077;0.088;0.098;0.1085;0.119;0.129;0.139;0.149;0.158;0.168;0.177
82;;;;;;;;;;;99;99;99;99;0.001;0.002;0.004;0.007;0.0105;0.016;0.022;0.029;0.037;0.046;0.055;0.065;0.0745;0.085;0.095;0.106;0.116;0.126;0.136;0.146;0.155;0.165;0.174
83;;;;;;;;;;;99;99;99;99;0.001;0.002;0.0035;0.006;0.010;0.015;0.0205;0.0275;0.035;0.044;0.053;0.0625;0.072;0.082;0.0925;0.103;0.113;0.123;0.133;0.143;0.152;0.162;0.171
84;;;;;;;;;;;99;99;99;99;0.0005;0.0015;0.003;0.005;0.009;0.014;0.019;0.026;0.0335;0.042;0.051;0.060;0.0695;0.0795;0.090;0.100;0.11;0.12;0.130;0.140;0.1495;0.159;0.168
85;;;;;;;;;;;99;99;99;99;0.000;0.001;0.0025;0.005;0.008;0.013;0.018;0.0245;0.032;0.040;0.049;0.058;0.067;0.077;0.0875;0.0975;0.107;0.117;0.127;0.137;0.147;0.156;0.165
86;;;;;;;;;;;99;99;99;99;99;0.001;0.002;0.005;0.0075;0.012;0.017;0.023;0.0305;0.038;0.047;0.056;0.065;0.0745;0.085;0.095;0.1045;0.1145;0.124;0.134;0.144;0.153;0.162
87;;;;;;;;;;;99;99;99;99;99;0.001;0.002;0.0045;0.007;0.011;0.016;0.022;0.029;0.036;0.045;0.054;0.063;0.072;0.0825;0.0925;0.102;0.112;0.1215;0.1315;0.141;0.150;0.159
88;;;;;;;;;;;99;99;99;99;99;0.001;0.002;0.004;0.0065;0.01;0.015;0.021;0.0275;0.0345;0.043;0.052;0.061;0.07;0.080;0.090;0.0995;0.1095;0.119;0.129;0.138;0.1475;0.156
89;;;;;;;;;;;99;99;99;99;99;0.001;0.002;0.0035;0.006;0.009;0.014;0.0195;0.026;0.033;0.041;0.05;0.059;0.068;0.0775;0.0875;0.097;0.107;0.1165;0.126;0.135;0.145;0.1535
90;;;;;;;;;;;99;99;99;99;99;0.001;0.002;0.003;0.0055;0.0085;0.013;0.018;0.0245;0.0315;0.039;0.048;0.0565;0.0655;0.075;0.085;0.0945;0.104;0.114;0.123;0.1325;0.142;0.151
91;;;;;;;;;;;99;99;99;99;99;0.001;0.0015;0.0025;0.005;0.008;0.012;0.017;0.023;0.030;0.0375;0.046;0.054;0.063;0.0725;0.0825;0.092;0.101;0.111;0.1205;0.130;0.139;0.1485
92;;;;;;;;;;;;99;99;99;99;0.0005;0.001;0.002;0.0045;0.0075;0.011;0.016;0.022;0.0285;0.036;0.044;0.0525;0.061;0.070;0.080;0.0895;0.0985;0.108;0.118;0.1275;0.1365;0.146
93;;;;;;;;;;;;99;99;99;99;0.000;0.001;0.002;0.004;0.007;0.0105;0.015;0.021;0.027;0.0345;0.0425;0.051;0.059;0.068;0.0775;0.087;0.096;0.1055;0.1155;0.125;0.134;0.143
94;;;;;;;;;;;;99;99;99;99;99;0.001;0.002;0.0035;0.0065;0.010;0.014;0.02;0.026;0.033;0.041;0.049;0.057;0.066;0.075;0.0845;0.094;0.103;0.113;0.1225;0.1315;0.140
95;;;;;;;;;;;;99;99;99;99;99;0.001;0.002;0.003;0.006;0.0095;0.0135;0.019;0.025;0.0315;0.039;0.047;0.055;0.064;0.073;0.082;0.092;0.101;0.1105;0.120;0.129;0.1375
96;;;;;;;;;;;;99;99;99;99;99;0.001;0.002;0.003;0.0055;0.009;0.013;0.018;0.0235;0.030;0.037;0.045;0.0535;0.062;0.071;0.08;0.0895;0.099;0.108;0.1175;0.1265;0.135
97;;;;;;;;;;;;99;99;99;99;99;0.001;0.0015;0.003;0.005;0.008;0.012;0.017;0.022;0.0285;0.0355;0.043;0.052;0.06;0.069;0.078;0.087;0.0965;0.1055;0.115;0.124;0.1325
98;;;;;;;;;;;;99;99;99;99;99;0.001;0.001;0.0025;0.0045;0.007;0.011;0.016;0.021;0.027;0.034;0.0415;0.05;0.058;0.067;0.076;0.085;0.094;0.103;0.1125;0.1215;0.130
99;;;;;;;;;;;;99;99;99;99;99;0.0005;0.001;0.002;0.004;0.0065;0.0105;0.015;0.020;0.026;0.0325;0.040;0.048;0.056;0.065;0.074;0.083;0.0915;0.1005;0.110;0.119;0.1275
100;;;;;;;;;;;;99;99;99;99;99;0.000;0.001;0.002;0.004;0.006;0.010;0.014;0.019;0.025;0.031;0.0385;0.0465;0.054;0.063;0.072;0.0805;0.089;0.098;0.1075;0.1165;0.125
101;;;;;;;;;;;;99;99;99;99;99;99;0.001;0.002;0.004;0.006;0.0095;0.013;0.018;0.024;0.03;0.037;0.045;0.0525;0.061;0.070;0.078;0.087;0.096;0.105;0.114;0.123
102;;;;;;;;;;;;99;99;99;99;99;99;0.001;0.002;0.0035;0.006;0.009;0.0125;0.017;0.023;0.029;0.0355;0.043;0.051;0.059;0.068;0.076;0.085;0.094;0.103;0.1115;0.121
103;;;;;;;;;;;;99;99;99;99;99;99;0.001;0.002;0.003;0.0055;0.0085;0.012;0.016;0.022;0.0275;0.034;0.041;0.0495;0.057;0.066;0.074;0.083;0.092;0.101;0.109;0.1185
104;;;;;;;;;;;;99;99;99;99;99;99;0.001;0.0015;0.003;0.005;0.008;0.011;0.0155;0.021;0.026;0.033;0.0395;0.048;0.055;0.064;0.072;0.081;0.090;0.0985;0.107;0.116
105;;;;;;;;;;;;99;99;99;99;99;99;0.001;0.001;0.003;0.0045;0.0075;0.010;0.015;0.02;0.025;0.032;0.038;0.046;0.0535;0.062;0.070;0.079;0.0875;0.096;0.105;0.1135
106;;;;;;;;;;;;;99;99;99;99;99;0.001;0.001;0.0025;0.004;0.007;0.0095;0.014;0.019;0.024;0.0305;0.037;0.044;0.052;0.06;0.068;0.077;0.085;0.094;0.103;0.111
107;;;;;;;;;;;;;99;99;99;99;99;0.0005;0.001;0.002;0.0035;0.0065;0.009;0.013;0.018;0.023;0.029;0.036;0.0425;0.0505;0.058;0.066;0.075;0.083;0.092;0.101;0.109
108;;;;;;;;;;;;;99;99;99;99;99;0.000;0.001;0.002;0.003;0.006;0.0085;0.0125;0.017;0.022;0.028;0.0345;0.041;0.049;0.0565;0.0645;0.073;0.081;0.09;0.0985;0.107
109;;;;;;;;;;;;;99;99;99;99;99;99;0.001;0.002;0.003;0.0055;0.008;0.012;0.016;0.021;0.027;0.033;0.04;0.0475;0.055;0.063;0.071;0.079;0.088;0.096;0.105
110;;;;;;;;;;;;;99;99;99;99;99;99;0.001;0.0015;0.003;0.005;0.0075;0.011;0.015;0.020;0.026;0.032;0.039;0.046;0.0535;0.061;0.069;0.077;0.086;0.094;0.103
111;;;;;;;;;;;;;99;99;99;99;99;99;0.001;0.001;0.003;0.0045;0.007;0.010;0.0145;0.019;0.025;0.031;0.0375;0.0445;0.052;0.059;0.0675;0.0755;0.084;0.092;0.101
112;;;;;;;;;;;;;99;99;99;99;99;99;0.001;0.001;0.003;0.004;0.0065;0.0095;0.014;0.018;0.024;0.0295;0.036;0.043;0.0505;0.0575;0.066;0.074;0.082;0.09;0.099
113;;;;;;;;;;;;;99;99;99;99;99;99;0.001;0.001;0.0025;0.004;0.006;0.009;0.013;0.0175;0.023;0.028;0.0345;0.0415;0.049;0.056;0.064;0.072;0.080;0.088;0.097
114;;;;;;;;;;;;;99;99;99;99;99;99;0.0005;0.001;0.002;0.004;0.0055;0.0085;0.012;0.017;0.022;0.027;0.033;0.040;0.0475;0.0545;0.062;0.070;0.078;0.086;0.095
115;;;;;;;;;;;;;99;99;99;99;99;99;0.000;0.001;0.002;0.0035;0.005;0.008;0.0115;0.016;0.021;0.026;0.032;0.0385;0.046;0.053;0.0605;0.0685;0.076;0.084;0.093
116;;;;;;;;;;;;;99;99;99;99;99;99;99;0.001;0.002;0.003;0.005;0.0075;0.011;0.015;0.02;0.025;0.031;0.037;0.0445;0.0515;0.059;0.067;0.0745;0.0825;0.091
117;;;;;;;;;;;;;99;99;99;99;99;99;99;0.001;0.0015;0.003;0.005;0.007;0.0105;0.0145;0.019;0.024;0.03;0.036;0.043;0.050;0.0575;0.065;0.073;0.081;0.089
118;;;;;;;;;;;;;99;99;99;99;99;99;99;0.001;0.001;0.003;0.0045;0.0065;0.010;0.014;0.018;0.023;0.029;0.035;0.0415;0.0485;0.056;0.063;0.071;0.079;0.087
119;;;;;;;;;;;;;99;99;99;99;99;99;99;0.001;0.001;0.0025;0.004;0.006;0.0095;0.013;0.017;0.022;0.028;0.0335;0.040;0.047;0.0545;0.0615;0.069;0.077;0.085
120;;;;;;;;;;;;;99;99;99;99;99;99;99;0.0005;0.001;0.002;0.004;0.006;0.009;0.012;0.0165;0.021;0.027;0.032;0.039;0.0455;0.053;0.060;0.0675;0.0755;0.083
121;;;;;;;;;;;;;99;99;99;99;99;99;99;0.000;0.001;0.002;0.004;0.006;0.0085;0.0115;0.016;0.020;0.026;0.031;0.038;0.044;0.0515;0.0585;0.066;0.074;0.0815
122;;;;;;;;;;;;;;99;99;99;99;99;99;99;0.001;0.002;0.0035;0.0055;0.008;0.011;0.015;0.0195;0.025;0.030;0.0365;0.043;0.050;0.057;0.0645;0.072;0.080
123;;;;;;;;;;;;;;99;99;99;99;99;99;99;0.001;0.002;0.003;0.005;0.0075;0.0105;0.014;0.019;0.024;0.029;0.035;0.042;0.0485;0.0555;0.063;0.070;0.078
124;;;;;;;;;;;;;;99;99;99;99;99;99;99;0.001;0.002;0.003;0.0045;0.007;0.010;0.0135;0.018;0.023;0.028;0.034;0.0405;0.047;0.054;0.0615;0.0685;0.076
125;;;;;;;;;;;;;;99;99;99;99;99;99;99;0.001;0.0015;0.003;0.004;0.0065;0.0095;0.013;0.017;0.022;0.027;0.033;0.039;0.0455;0.0525;0.060;0.067;0.0745
126;;;;;;;;;;;;;;99;99;99;99;99;99;99;0.001;0.001;0.0025;0.004;0.006;0.009;0.0125;0.0165;0.021;0.026;0.032;0.038;0.044;0.051;0.0585;0.0655;0.073
127;;;;;;;;;;;;;;99;99;99;99;99;99;99;0.001;0.001;0.002;0.004;0.006;0.0085;0.012;0.016;0.02;0.025;0.031;0.037;0.043;0.0495;0.057;0.064;0.0715
128;;;;;;;;;;;;;;99;99;99;99;99;99;99;0.001;0.001;0.002;0.0035;0.006;0.008;0.0115;0.015;0.019;0.024;0.03;0.0355;0.042;0.048;0.0555;0.0625;0.070
129;;;;;;;;;;;;;;99;99;99;99;99;99;99;0.0005;0.001;0.002;0.003;0.0055;0.0075;0.011;0.014;0.0185;0.0235;0.029;0.034;0.0405;0.047;0.054;0.061;0.0685
130;;;;;;;;;;;;;;99;99;99;99;99;99;99;0.000;0.001;0.002;0.003;0.005;0.007;0.0105;0.0135;0.018;0.023;0.028;0.033;0.039;0.046;0.0525;0.0595;0.067
131;;;;;;;;;;;;;;99;99;99;99;99;99;99;99;0.001;0.002;0.003;0.0045;0.007;0.010;0.013;0.017;0.022;0.027;0.032;0.038;0.0445;0.051;0.058;0.0655
132;;;;;;;;;;;;;;99;99;99;99;99;99;99;99;0.001;0.0015;0.003;0.004;0.007;0.0095;0.0125;0.016;0.021;0.026;0.031;0.037;0.043;0.05;0.0565;0.064
133;;;;;;;;;;;;;;99;99;99;99;99;99;99;99;0.001;0.001;0.003;0.004;0.0065;0.009;0.012;0.0155;0.02;0.025;0.030;0.036;0.042;0.049;0.055;0.0625
134;;;;;;;;;;;;;;99;99;99;99;99;99;99;99;0.001;0.001;0.0025;0.004;0.006;0.0085;0.0115;0.015;0.019;0.024;0.029;0.035;0.041;0.0475;0.054;0.061
135;;;;;;;;;;;;;;99;99;99;99;99;99;99;99;0.001;0.001;0.002;0.0035;0.0055;0.008;0.011;0.0145;0.0185;0.023;0.028;0.034;0.04;0.046;0.053;0.0595
136;;;;;;;;;;;;;;99;99;99;99;99;99;99;99;0.001;0.001;0.002;0.003;0.005;0.0075;0.0105;0.014;0.018;0.0225;0.027;0.033;0.039;0.045;0.0515;0.058
137;;;;;;;;;;;;;;;99;99;99;99;99;99;99;0.0005;0.001;0.002;0.003;0.005;0.007;0.010;0.0135;0.0175;0.022;0.026;0.032;0.038;0.044;0.050;0.0565
138;;;;;;;;;;;;;;;99;99;99;99;99;99;99;0.000;0.001;0.002;0.003;0.005;0.0065;0.0095;0.013;0.017;0.021;0.0255;0.031;0.037;0.0425;0.049;0.055
139;;;;;;;;;;;;;;;99;99;99;99;99;99;99;99;0.001;0.002;0.003;0.0045;0.006;0.009;0.0125;0.016;0.020;0.025;0.03;0.0355;0.041;0.048;0.054
140;;;;;;;;;;;;;;;99;99;99;99;99;99;99;99;0.001;0.0015;0.003;0.004;0.006;0.0085;0.012;0.015;0.0195;0.024;0.029;0.034;0.04;0.0465;0.053
141;;;;;;;;;;;;;;;99;99;99;99;99;99;99;99;0.001;0.001;0.0025;0.004;0.006;0.008;0.0115;0.0145;0.019;0.023;0.028;0.033;0.039;0.045;0.0515
142;;;;;;;;;;;;;;;99;99;99;99;99;99;99;99;0.001;0.001;0.002;0.004;0.0055;0.0075;0.011;0.014;0.018;0.0225;0.027;0.032;0.038;0.044;0.050
143;;;;;;;;;;;;;;;99;99;99;99;99;99;99;99;0.001;0.001;0.002;0.0035;0.005;0.007;0.0105;0.0135;0.017;0.022;0.026;0.0315;0.037;0.043;0.049
144;;;;;;;;;;;;;;;99;99;99;99;99;99;99;99;0.001;0.001;0.002;0.003;0.005;0.007;0.010;0.013;0.0165;0.021;0.025;0.031;0.036;0.042;0.048
145;;;;;;;;;;;;;;;99;99;99;99;99;99;99;99;0.001;0.001;0.002;0.003;0.005;0.007;0.0095;0.0125;0.016;0.020;0.0245;0.03;0.035;0.041;0.047
146;;;;;;;;;;;;;;;99;99;99;99;99;99;99;99;0.0005;0.001;0.002;0.003;0.0045;0.0065;0.009;0.012;0.0155;0.0195;0.024;0.029;0.034;0.04;0.046
147;;;;;;;;;;;;;;;99;99;99;99;99;99;99;99;0.000;0.001;0.002;0.003;0.004;0.006;0.0085;0.0115;0.015;0.019;0.023;0.028;0.033;0.039;0.0445
148;;;;;;;;;;;;;;;99;99;99;99;99;99;99;99;99;0.001;0.002;0.003;0.004;0.006;0.008;0.011;0.0145;0.018;0.022;0.027;0.032;0.038;0.043
149;;;;;;;;;;;;;;;99;99;99;99;99;99;99;99;99;0.001;0.0015;0.0025;0.004;0.006;0.0075;0.0105;0.014;0.017;0.0215;0.026;0.031;0.037;0.042
150;;;;;;;;;;;;;;;99;99;99;99;99;99;99;99;99;0.001;0.001;0.002;0.0035;0.0055;0.007;0.010;0.0135;0.0165;0.021;0.025;0.03;0.036;0.041
151;;;;;;;;;;;;;;;99;99;99;99;99;99;99;99;99;0.001;0.001;0.002;0.003;0.005;0.007;0.0095;0.013;0.016;0.0205;0.0245;0.029;0.035;0.04
152;;;;;;;;;;;;;;;99;99;99;99;99;99;99;99;99;0.001;0.001;0.002;0.003;0.0045;0.007;0.009;0.0125;0.0155;0.020;0.024;0.0285;0.034;0.039
153;;;;;;;;;;;;;;;99;99;99;99;99;99;99;99;99;0.001;0.001;0.002;0.003;0.004;0.0065;0.0085;0.012;0.015;0.019;0.023;0.028;0.033;0.038
154;;;;;;;;;;;;;;;;99;99;99;99;99;99;99;99;0.0005;0.001;0.002;0.003;0.004;0.006;0.008;0.0115;0.0145;0.018;0.022;0.027;0.032;0.037
155;;;;;;;;;;;;;;;;99;99;99;99;99;99;99;99;0.000;0.001;0.002;0.003;0.004;0.006;0.008;0.011;0.014;0.0175;0.0215;0.026;0.031;0.036
156;;;;;;;;;;;;;;;;99;99;99;99;99;99;99;99;99;0.001;0.002;0.0025;0.004;0.006;0.008;0.0105;0.0135;0.017;0.021;0.0255;0.03;0.035
157;;;;;;;;;;;;;;;;99;99;99;99;99;99;99;99;99;0.001;0.0015;0.002;0.004;0.0055;0.0075;0.010;0.013;0.0165;0.0205;0.025;0.029;0.0345
158;;;;;;;;;;;;;;;;99;99;99;99;99;99;99;99;99;0.001;0.001;0.002;0.0035;0.005;0.007;0.0095;0.0125;0.016;0.020;0.024;0.0285;0.034
159;;;;;;;;;;;;;;;;99;99;99;99;99;99;99;99;99;0.001;0.001;0.002;0.003;0.005;0.0065;0.009;0.012;0.0155;0.019;0.023;0.028;0.033
160;;;;;;;;;;;;;;;;99;99;99;99;99;99;99;99;99;0.001;0.001;0.002;0.003;0.005;0.006;0.0085;0.0115;0.015;0.018;0.0225;0.027;0.032
161;;;;;;;;;;;;;;;;99;99;99;99;99;99;99;99;99;0.001;0.001;0.002;0.003;0.0045;0.006;0.008;0.011;0.0145;0.0175;0.022;0.026;0.031
162;;;;;;;;;;;;;;;;99;99;99;99;99;99;99;99;99;0.001;0.001;0.002;0.003;0.004;0.006;0.008;0.0105;0.014;0.017;0.0215;0.0255;0.030
163;;;;;;;;;;;;;;;;99;99;99;99;99;99;99;99;99;0.0005;0.001;0.002;0.003;0.004;0.0055;0.008;0.010;0.0135;0.0165;0.021;0.025;0.0295
164;;;;;;;;;;;;;;;;99;99;99;99;99;99;99;99;99;0.000;0.001;0.0015;0.0025;0.004;0.005;0.0075;0.01;0.013;0.016;0.02;0.024;0.029
165;;;;;;;;;;;;;;;;99;99;99;99;99;99;99;99;99;99;0.001;0.001;0.002;0.0035;0.005;0.007;0.010;0.0125;0.0155;0.019;0.023;0.028
166;;;;;;;;;;;;;;;;99;99;99;99;99;99;99;99;99;99;0.001;0.001;0.002;0.003;0.005;0.007;0.0095;0.012;0.015;0.0185;0.0225;0.027
167;;;;;;;;;;;;;;;;99;99;99;99;99;99;99;99;99;99;0.001;0.001;0.002;0.003;0.0045;0.007;0.009;0.0115;0.0145;0.018;0.022;0.0265
168;;;;;;;;;;;;;;;;99;99;99;99;99;99;99;99;99;99;0.001;0.001;0.002;0.003;0.004;0.0065;0.0085;0.011;0.014;0.0175;0.0215;0.026
169;;;;;;;;;;;;;;;;99;99;99;99;99;99;99;99;99;99;0.001;0.001;0.002;0.003;0.004;0.006;0.008;0.0105;0.0135;0.017;0.021;0.025
170;;;;;;;;;;;;;;;;99;99;99;99;99;99;99;99;99;99;0.001;0.001;0.002;0.003;0.004;0.0055;0.0075;0.010;0.013;0.0165;0.0205;0.024
171;;;;;;;;;;;;;;;;99;99;99;99;99;99;99;99;99;99;0.001;0.001;0.002;0.0025;0.004;0.005;0.007;0.01;0.0125;0.016;0.020;0.0235
172;;;;;;;;;;;;;;;;;99;99;99;99;99;99;99;99;99;0.001;0.001;0.0015;0.002;0.004;0.005;0.007;0.010;0.012;0.0155;0.019;0.023
173;;;;;;;;;;;;;;;;;99;99;99;99;99;99;99;99;99;0.0005;0.001;0.001;0.002;0.0035;0.005;0.007;0.0095;0.0115;0.015;0.018;0.0225
174;;;;;;;;;;;;;;;;;99;99;99;99;99;99;99;99;99;0.000;0.001;0.001;0.002;0.003;0.005;0.0065;0.009;0.011;0.0145;0.0175;0.022
175;;;;;;;;;;;;;;;;;99;99;99;99;99;99;99;99;99;99;0.001;0.001;0.002;0.003;0.005;0.006;0.0085;0.011;0.014;0.017;0.021
176;;;;;;;;;;;;;;;;;99;99;99;99;99;99;99;99;99;99;0.001;0.001;0.002;0.003;0.0045;0.006;0.008;0.011;0.0135;0.0165;0.020
177;;;;;;;;;;;;;;;;;99;99;99;99;99;99;99;99;99;99;0.001;0.001;0.002;0.003;0.004;0.006;0.008;0.0105;0.013;0.016;0.0195
178;;;;;;;;;;;;;;;;;99;99;99;99;99;99;99;99;99;99;0.001;0.001;0.002;0.003;0.004;0.0055;0.008;0.010;0.0125;0.0155;0.019
179;;;;;;;;;;;;;;;;;99;99;99;99;99;99;99;99;99;99;0.001;0.001;0.002;0.0025;0.004;0.005;0.0075;0.0095;0.012;0.015;0.0185
180;;;;;;;;;;;;;;;;;99;99;99;99;99;99;99;99;99;99;0.0005;0.001;0.002;0.002;0.0035;0.005;0.007;0.009;0.0115;0.0145;0.018
181;;;;;;;;;;;;;;;;;99;99;99;99;99;99;99;99;99;99;0.000;0.001;0.0015;0.002;0.003;0.005;0.0065;0.009;0.011;0.014;0.0175
182;;;;;;;;;;;;;;;;;99;99;99;99;99;99;99;99;99;99;99;0.001;0.001;0.002;0.003;0.005;0.006;0.009;0.011;0.014;0.017
183;;;;;;;;;;;;;;;;;99;99;99;99;99;99;99;99;99;99;99;0.001;0.001;0.002;0.003;0.005;0.006;0.0085;0.011;0.014;0.0165
184;;;;;;;;;;;;;;;;;99;99;99;99;99;99;99;99;99;99;99;0.001;0.001;0.002;0.003;0.0045;0.006;0.008;0.0105;0.0135;0.016
185;;;;;;;;;;;;;;;;;99;99;99;99;99;99;99;99;99;99;99;0.001;0.001;0.002;0.003;0.004;0.006;0.0075;0.010;0.013;0.0155
186;;;;;;;;;;;;;;;;;99;99;99;99;99;99;99;99;99;99;99;0.001;0.001;0.002;0.003;0.004;0.006;0.007;0.0095;0.0125;0.015
187;;;;;;;;;;;;;;;;;99;99;99;99;99;99;99;99;99;99;99;0.001;0.001;0.002;0.003;0.004;0.0055;0.007;0.009;0.012;0.0145
188;;;;;;;;;;;;;;;;;99;99;99;99;99;99;99;99;99;99;99;0.001;0.001;0.002;0.0025;0.0035;0.005;0.007;0.009;0.0115;0.014
189;;;;;;;;;;;;;;;;;99;99;99;99;99;99;99;99;99;99;99;0.001;0.001;0.0015;0.002;0.003;0.005;0.0065;0.009;0.011;0.014
190;;;;;;;;;;;;;;;;;99;99;99;99;99;99;99;99;99;99;99;0.0005;0.001;0.001;0.002;0.003;0.005;0.006;0.0085;0.0105;0.014
191;;;;;;;;;;;;;;;;;;99;99;99;99;99;99;99;99;99;99;0.000;0.001;0.001;0.002;0.003;0.0045;0.006;0.008;0.010;0.0135
192;;;;;;;;;;;;;;;;;;99;99;99;99;99;99;99;99;99;99;99;0.001;0.001;0.002;0.003;0.004;0.006;0.008;0.01;0.013
193;;;;;;;;;;;;;;;;;;99;99;99;99;99;99;99;99;99;99;99;0.001;0.001;0.002;0.003;0.004;0.0055;0.008;0.010;0.0125
194;;;;;;;;;;;;;;;;;;99;99;99;99;99;99;99;99;99;99;99;0.001;0.001;0.002;0.003;0.004;0.005;0.0075;0.0095;0.012
195;;;;;;;;;;;;;;;;;;99;99;99;99;99;99;99;99;99;99;99;0.001;0.001;0.002;0.003;0.004;0.005;0.007;0.009;0.0115
196;;;;;;;;;;;;;;;;;;99;99;99;99;99;99;99;99;99;99;99;0.001;0.001;0.002;0.0025;0.004;0.005;0.007;0.009;0.011
197;;;;;;;;;;;;;;;;;;99;99;99;99;99;99;99;99;99;99;99;0.001;0.001;0.002;0.002;0.0035;0.005;0.007;0.009;0.011
198;;;;;;;;;;;;;;;;;;99;99;99;99;99;99;99;99;99;99;99;0.001;0.001;0.0015;0.002;0.003;0.005;0.0065;0.0085;0.011
199;;;;;;;;;;;;;;;;;;99;99;99;99;99;99;99;99;99;99;99;0.0005;0.001;0.001;0.002;0.003;0.0045;0.006;0.008;0.0105
200;;;;;;;;;;;;;;;;;;99;99;99;99;99;99;99;99;99;99;99;0.000;0.001;0.001;0.002;0.003;0.004;0.006;0.0075;0.010
201;;;;;;;;;;;;;;;;;;99;99;99;99;99;99;99;99;99;99;99;99;0.001;0.001;0.002;0.003;0.004;0.006;0.007;0.0095
202;;;;;;;;;;;;;;;;;;99;99;99;99;99;99;99;99;99;99;99;99;0.001;0.001;0.002;0.003;0.004;0.0055;0.007;0.009
203;;;;;;;;;;;;;;;;;;99;99;99;99;99;99;99;99;99;99;99;99;0.001;0.001;0.002;0.003;0.004;0.005;0.007;0.009
204;;;;;;;;;;;;;;;;;;99;99;99;99;99;99;99;99;99;99;99;99;0.001;0.001;0.002;0.003;0.004;0.005;0.0065;0.009
205;;;;;;;;;;;;;;;;;;99;99;99;99;99;99;99;99;99;99;99;99;0.001;0.001;0.002;0.0025;0.0035;0.005;0.006;0.0085
206;;;;;;;;;;;;;;;;;;99;99;99;99;99;99;99;99;99;99;99;99;0.001;0.001;0.0015;0.002;0.003;0.0045;0.006;0.008
207;;;;;;;;;;;;;;;;;;99;99;99;99;99;99;99;99;99;99;99;99;0.001;0.001;0.001;0.002;0.003;0.004;0.006;0.008
208;;;;;;;;;;;;;;;;;;99;99;99;99;99;99;99;99;99;99;99;99;0.001;0.001;0.001;0.002;0.003;0.004;0.006;0.008
209;;;;;;;;;;;;;;;;;;99;99;99;99;99;99;99;99;99;99;99;99;0.0005;0.001;0.001;0.002;0.003;0.004;0.006;0.0075
210;;;;;;;;;;;;;;;;;;99;99;99;99;99;99;99;99;99;99;99;99;0.000;0.001;0.001;0.002;0.003;0.004;0.0055;0.007
211;;;;;;;;;;;;;;;;;;;99;99;99;99;99;99;99;99;99;99;99;99;0.001;0.001;0.002;0.003;0.004;0.005;0.007
212;;;;;;;;;;;;;;;;;;;99;99;99;99;99;99;99;99;99;99;99;99;0.001;0.001;0.002;0.003;0.004;0.005;0.007
213;;;;;;;;;;;;;;;;;;;99;99;99;99;99;99;99;99;99;99;99;99;0.001;0.001;0.002;0.0025;0.004;0.005;0.0065
214;;;;;;;;;;;;;;;;;;;99;99;99;99;99;99;99;99;99;99;99;99;0.001;0.001;0.002;0.002;0.0035;0.0045;0.006
215;;;;;;;;;;;;;;;;;;;99;99;99;99;99;99;99;99;99;99;99;99;0.001;0.001;0.0015;0.002;0.003;0.004;0.006
216;;;;;;;;;;;;;;;;;;;99;99;99;99;99;99;99;99;99;99;99;99;0.001;0.001;0.001;0.002;0.003;0.004;0.006
217;;;;;;;;;;;;;;;;;;;99;99;99;99;99;99;99;99;99;99;99;99;0.001;0.001;0.001;0.002;0.003;0.004;0.0055
218;;;;;;;;;;;;;;;;;;;99;99;99;99;99;99;99;99;99;99;99;99;0.0005;0.001;0.001;0.002;0.003;0.004;0.005
219;;;;;;;;;;;;;;;;;;;99;99;99;99;99;99;99;99;99;99;99;99;0.000;0.001;0.001;0.002;0.003;0.004;0.005
220;;;;;;;;;;;;;;;;;;;99;99;99;99;99;99;99;99;99;99;99;99;99;0.001;0.001;0.002;0.003;0.004;0.005
221;;;;;;;;;;;;;;;;;;;99;99;99;99;99;99;99;99;99;99;99;99;99;0.001;0.001;0.002;0.003;0.004;0.005
222;;;;;;;;;;;;;;;;;;;99;99;99;99;99;99;99;99;99;99;99;99;99;0.001;0.001;0.002;0.0025;0.0035;0.005
223;;;;;;;;;;;;;;;;;;;99;99;99;99;99;99;99;99;99;99;99;99;99;0.001;0.001;0.002;0.002;0.003;0.0045
224;;;;;;;;;;;;;;;;;;;99;99;99;99;99;99;99;99;99;99;99;99;99;0.001;0.001;0.002;0.002;0.003;0.004
225;;;;;;;;;;;;;;;;;;;99;99;99;99;99;99;99;99;99;99;99;99;99;0.001;0.001;0.0015;0.002;0.003;0.004
226;;;;;;;;;;;;;;;;;;;99;99;99;99;99;99;99;99;99;99;99;99;99;0.001;0.001;0.001;0.002;0.003;0.004
227;;;;;;;;;;;;;;;;;;;99;99;99;99;99;99;99;99;99;99;99;99;99;0.001;0.001;0.001;0.002;0.003;0.004
228;;;;;;;;;;;;;;;;;;;99;99;99;99;99;99;99;99;99;99;99;99;99;0.0005;0.001;0.001;0.002;0.003;0.004
229;;;;;;;;;;;;;;;;;;;99;99;99;99;99;99;99;99;99;99;99;99;99;0.000;0.001;0.001;0.002;0.003;0.004
230;;;;;;;;;;;;;;;;;;;99;99;99;99;99;99;99;99;99;99;99;99;99;99;0.001;0.001;0.002;0.0025;0.004
231;;;;;;;;;;;;;;;;;;;99;99;99;99;99;99;99;99;99;99;99;99;99;99;0.001;0.001;0.002;0.002;0.0035
232;;;;;;;;;;;;;;;;;;;;99;99;99;99;99;99;99;99;99;99;99;99;99;0.001;0.001;0.002;0.002;0.003
233;;;;;;;;;;;;;;;;;;;;99;99;99;99;99;99;99;99;99;99;99;99;99;0.001;0.001;0.002;0.002;0.003
234;;;;;;;;;;;;;;;;;;;;99;99;99;99;99;99;99;99;99;99;99;99;99;0.001;0.001;0.0015;0.002;0.003
235;;;;;;;;;;;;;;;;;;;;99;99;99;99;99;99;99;99;99;99;99;99;99;0.001;0.001;0.001;0.002;0.003
236;;;;;;;;;;;;;;;;;;;;99;99;99;99;99;99;99;99;99;99;99;99;99;0.001;0.001;0.001;0.002;0.003
237;;;;;;;;;;;;;;;;;;;;99;99;99;99;99;99;99;99;99;99;99;99;99;0.0005;0.001;0.001;0.002;0.003
238;;;;;;;;;;;;;;;;;;;;99;99;99;99;99;99;99;99;99;99;99;99;99;0.000;0.001;0.001;0.002;0.003
239;;;;;;;;;;;;;;;;;;;;99;99;99;99;99;99;99;99;99;99;99;99;99;99;0.001;0.001;0.002;0.0025
240;;;;;;;;;;;;;;;;;;;;99;99;99;99;99;99;99;99;99;99;99;99;99;99;0.001;0.001;0.002;0.002
241;;;;;;;;;;;;;;;;;;;;99;99;99;99;99;99;99;99;99;99;99;99;99;99;0.001;0.001;0.002;0.002
242;;;;;;;;;;;;;;;;;;;;99;99;99;99;99;99;99;99;99;99;99;99;99;99;0.001;0.001;0.0015;0.002
243;;;;;;;;;;;;;;;;;;;;99;99;99;99;99;99;99;99;99;99;99;99;99;99;0.001;0.001;0.001;0.002
244;;;;;;;;;;;;;;;;;;;;99;99;99;99;99;99;99;99;99;99;99;99;99;99;0.001;0.001;0.001;0.002
245;;;;;;;;;;;;;;;;;;;;99;99;99;99;99;99;99;99;99;99;99;99;99;99;0.001;0.001;0.001;0.002
246;;;;;;;;;;;;;;;;;;;;99;99;99;99;99;99;99;99;99;99;99;99;99;99;0.001;0.001;0.001;0.002
247;;;;;;;;;;;;;;;;;;;;99;99;99;99;99;99;99;99;99;99;99;99;99;99;0.0005;0.001;0.001;0.002
248;;;;;;;;;;;;;;;;;;;;99;99;99;99;99;99;99;99;99;99;99;99;99;99;99;0.001;0.001;0.002
249;;;;;;;;;;;;;;;;;;;;99;99;99;99;99;99;99;99;99;99;99;99;99;99;99;0.001;0.001;0.002
250;;;;;;;;;;;;;;;;;;;;99;99;99;99;99;99;99;99;99;99;99;99;99;99;99;0.001;0.001;0.002
251;;;;;;;;;;;;;;;;;;;;99;99;99;99;99;99;99;99;99;99;99;99;99;99;99;0.001;0.001;0.002
252;;;;;;;;;;;;;;;;;;;;99;99;99;99;99;99;99;99;99;99;99;99;99;99;99;0.001;0.001;0.002
253;;;;;;;;;;;;;;;;;;;;99;99;99;99;99;99;99;99;99;99;99;99;99;99;99;0.001;0.001;0.0015
254;;;;;;;;;;;;;;;;;;;;;99;99;99;99;99;99;99;99;99;99;99;99;99;99;0.001;0.001;0.001
255;;;;;;;;;;;;;;;;;;;;;99;99;99;99;99;99;99;99;99;99;99;99;99;99;0.001;0.001;0.001
256;;;;;;;;;;;;;;;;;;;;;99;99;99;99;99;99;99;99;99;99;99;99;99;99;0.001;0.001;0.001
257;;;;;;;;;;;;;;;;;;;;;99;99;99;99;99;99;99;99;99;99;99;99;99;99;0.001;0.001;0.001
258;;;;;;;;;;;;;;;;;;;;;99;99;99;99;99;99;99;99;99;99;99;99;99;99;0.0005;0.001;0.001
259;;;;;;;;;;;;;;;;;;;;;99;99;99;99;99;99;99;99;99;99;99;99;99;99;99;0.001;0.001
260;;;;;;;;;;;;;;;;;;;;;99;99;99;99;99;99;99;99;99;99;99;99;99;99;99;0.001;0.001
261;;;;;;;;;;;;;;;;;;;;;99;99;99;99;99;99;99;99;99;99;99;99;99;99;99;0.001;0.001
262;;;;;;;;;;;;;;;;;;;;;99;99;99;99;99;99;99;99;99;99;99;99;99;99;99;0.001;0.001
263;;;;;;;;;;;;;;;;;;;;;99;99;99;99;99;99;99;99;99;99;99;99;99;99;99;0.001;0.001
264;;;;;;;;;;;;;;;;;;;;;99;99;99;99;99;99;99;99;99;99;99;99;99;99;99;0.001;0.001
265;;;;;;;;;;;;;;;;;;;;;99;99;99;99;99;99;99;99;99;99;99;99;99;99;99;0.001;0.001
266;;;;;;;;;;;;;;;;;;;;;99;99;99;99;99;99;99;99;99;99;99;99;99;99;99;0.001;0.001
267;;;;;;;;;;;;;;;;;;;;;99;99;99;99;99;99;99;99;99;99;99;99;99;99;99;0.001;0.001
268;;;;;;;;;;;;;;;;;;;;;99;99;99;99;99;99;99;99;99;99;99;99;99;99;99;0.0005;0.001
269;;;;;;;;;;;;;;;;;;;;;99;99;99;99;99;99;99;99;99;99;99;99;99;99;99;99;0.001
270;;;;;;;;;;;;;;;;;;;;;99;99;99;99;99;99;99;99;99;99;99;99;99;99;99;99;0.001
271;;;;;;;;;;;;;;;;;;;;;99;99;99;99;99;99;99;99;99;99;99;99;99;99;99;99;0.001
272;;;;;;;;;;;;;;;;;;;;;99;99;99;99;99;99;99;99;99;99;99;99;99;99;99;99;0.001
273;;;;;;;;;;;;;;;;;;;;;99;99;99;99;99;99;99;99;99;99;99;99;99;99;99;99;0.001
274;;;;;;;;;;;;;;;;;;;;;99;99;99;99;99;99;99;99;99;99;99;99;99;99;99;99;0.001
275;;;;;;;;;;;;;;;;;;;;;99;99;99;99;99;99;99;99;99;99;99;99;99;99;99;99;0.001
276;;;;;;;;;;;;;;;;;;;;;99;99;99;99;99;99;99;99;99;99;99;99;99;99;99;99;0.001
277;;;;;;;;;;;;;;;;;;;;;;99;99;99;99;99;99;99;99;99;99;99;99;99;99;99;0.001
278;;;;;;;;;;;;;;;;;;;;;;99;99;99;99;99;99;99;99;99;99;99;99;99;99;99;0.001
279;;;;;;;;;;;;;;;;;;;;;;99;99;99;99;99;99;99;99;99;99;99;99;99;99;99;0.0005
280;;;;;;;;;;;;;;;;;;;;;;99;99;99;99;99;99;99;99;99;99;99;99;99;99;99;99
281;;;;;;;;;;;;;;;;;;;;;;99;99;99;99;99;99;99;99;99;99;99;99;99;99;99;99
282;;;;;;;;;;;;;;;;;;;;;;99;99;99;99;99;99;99;99;99;99;99;99;99;99;99;99
283;;;;;;;;;;;;;;;;;;;;;;99;99;99;99;99;99;99;99;99;99;99;99;99;99;99;99
284;;;;;;;;;;;;;;;;;;;;;;99;99;99;99;99;99;99;99;99;99;99;99;99;99;99;99
285;;;;;;;;;;;;;;;;;;;;;;99;99;99;99;99;99;99;99;99;99;99;99;99;99;99;99
286;;;;;;;;;;;;;;;;;;;;;;99;99;99;99;99;99;99;99;99;99;99;99;99;99;99;99
287;;;;;;;;;;;;;;;;;;;;;;99;99;99;99;99;99;99;99;99;99;99;99;99;99;99;99
288;;;;;;;;;;;;;;;;;;;;;;99;99;99;99;99;99;99;99;99;99;99;99;99;99;99;99
289;;;;;;;;;;;;;;;;;;;;;;99;99;99;99;99;99;99;99;99;99;99;99;99;99;99;99
290;;;;;;;;;;;;;;;;;;;;;;99;99;99;99;99;99;99;99;99;99;99;99;99;99;99;99
291;;;;;;;;;;;;;;;;;;;;;;99;99;99;99;99;99;99;99;99;99;99;99;99;99;99;99
292;;;;;;;;;;;;;;;;;;;;;;99;99;99;99;99;99;99;99;99;99;99;99;99;99;99;99
293;;;;;;;;;;;;;;;;;;;;;;99;99;99;99;99;99;99;99;99;99;99;99;99;99;99;99
294;;;;;;;;;;;;;;;;;;;;;;99;99;99;99;99;99;99;99;99;99;99;99;99;99;99;99
295;;;;;;;;;;;;;;;;;;;;;;99;99;99;99;99;99;99;99;99;99;99;99;99;99;99;99
296;;;;;;;;;;;;;;;;;;;;;;99;99;99;99;99;99;99;99;99;99;99;99;99;99;99;99
297;;;;;;;;;;;;;;;;;;;;;;99;99;99;99;99;99;99;99;99;99;99;99;99;99;99;99
298;;;;;;;;;;;;;;;;;;;;;;99;99;99;99;99;99;99;99;99;99;99;99;99;99;99;99
299;;;;;;;;;;;;;;;;;;;;;;99;99;99;99;99;99;99;99;99;99;99;99;99;99;99;99
300;;;;;;;;;;;;;;;;;;;;;;99;99;99;99;99;99;99;99;99;99;99;99;99;99;99;99
301;;;;;;;;;;;;;;;;;;;;;;;99;99;99;99;99;99;99;99;99;99;99;99;99;99;99
302;;;;;;;;;;;;;;;;;;;;;;;99;99;99;99;99;99;99;99;99;99;99;99;99;99;99
303;;;;;;;;;;;;;;;;;;;;;;;99;99;99;99;99;99;99;99;99;99;99;99;99;99;99
304;;;;;;;;;;;;;;;;;;;;;;;99;99;99;99;99;99;99;99;99;99;99;99;99;99;99
305;;;;;;;;;;;;;;;;;;;;;;;99;99;99;99;99;99;99;99;99;99;99;99;99;99;99
306;;;;;;;;;;;;;;;;;;;;;;;99;99;99;99;99;99;99;99;99;99;99;99;99;99;99
307;;;;;;;;;;;;;;;;;;;;;;;99;99;99;99;99;99;99;99;99;99;99;99;99;99;99
308;;;;;;;;;;;;;;;;;;;;;;;99;99;99;99;99;99;99;99;99;99;99;99;99;99;99
309;;;;;;;;;;;;;;;;;;;;;;;99;99;99;99;99;99;99;99;99;99;99;99;99;99;99
310;;;;;;;;;;;;;;;;;;;;;;;99;99;99;99;99;99;99;99;99;99;99;99;99;99;99
311;;;;;;;;;;;;;;;;;;;;;;;99;99;99;99;99;99;99;99;99;99;99;99;99;99;99
312;;;;;;;;;;;;;;;;;;;;;;;99;99;99;99;99;99;99;99;99;99;99;99;99;99;99
313;;;;;;;;;;;;;;;;;;;;;;;99;99;99;99;99;99;99;99;99;99;99;99;99;99;99
314;;;;;;;;;;;;;;;;;;;;;;;99;99;99;99;99;99;99;99;99;99;99;99;99;99;99
315;;;;;;;;;;;;;;;;;;;;;;;99;99;99;99;99;99;99;99;99;99;99;99;99;99;99
316;;;;;;;;;;;;;;;;;;;;;;;99;99;99;99;99;99;99;99;99;99;99;99;99;99;99
317;;;;;;;;;;;;;;;;;;;;;;;99;99;99;99;99;99;99;99;99;99;99;99;99;99;99
318;;;;;;;;;;;;;;;;;;;;;;;99;99;99;99;99;99;99;99;99;99;99;99;99;99;99
319;;;;;;;;;;;;;;;;;;;;;;;99;99;99;99;99;99;99;99;99;99;99;99;99;99;99
320;;;;;;;;;;;;;;;;;;;;;;;99;99;99;99;99;99;99;99;99;99;99;99;99;99;99
321;;;;;;;;;;;;;;;;;;;;;;;99;99;99;99;99;99;99;99;99;99;99;99;99;99;99
322;;;;;;;;;;;;;;;;;;;;;;;99;99;99;99;99;99;99;99;99;99;99;99;99;99;99
323;;;;;;;;;;;;;;;;;;;;;;;99;99;99;99;99;99;99;99;99;99;99;99;99;99;99
324;;;;;;;;;;;;;;;;;;;;;;;99;99;99;99;99;99;99;99;99;99;99;99;99;99;99
325;;;;;;;;;;;;;;;;;;;;;;;99;99;99;99;99;99;99;99;99;99;99;99;99;99;99
326;;;;;;;;;;;;;;;;;;;;;;;;99;99;99;99;99;99;99;99;99;99;99;99;99;99
327;;;;;;;;;;;;;;;;;;;;;;;;99;99;99;99;99;99;99;99;99;99;99;99;99;99
328;;;;;;;;;;;;;;;;;;;;;;;;99;99;99;99;99;99;99;99;99;99;99;99;99;99
329;;;;;;;;;;;;;;;;;;;;;;;;99;99;99;99;99;99;99;99;99;99;99;99;99;99
330;;;;;;;;;;;;;;;;;;;;;;;;99;99;99;99;99;99;99;99;99;99;99;99;99;99
331;;;;;;;;;;;;;;;;;;;;;;;;99;99;99;99;99;99;99;99;99;99;99;99;99;99
332;;;;;;;;;;;;;;;;;;;;;;;;99;99;99;99;99;99;99;99;99;99;99;99;99;99
333;;;;;;;;;;;;;;;;;;;;;;;;99;99;99;99;99;99;99;99;99;99;99;99;99;99
334;;;;;;;;;;;;;;;;;;;;;;;;99;99;99;99;99;99;99;99;99;99;99;99;99;99
335;;;;;;;;;;;;;;;;;;;;;;;;99;99;99;99;99;99;99;99;99;99;99;99;99;99
336;;;;;;;;;;;;;;;;;;;;;;;;99;99;99;99;99;99;99;99;99;99;99;99;99;99
337;;;;;;;;;;;;;;;;;;;;;;;;99;99;99;99;99;99;99;99;99;99;99;99;99;99
338;;;;;;;;;;;;;;;;;;;;;;;;99;99;99;99;99;99;99;99;99;99;99;99;99;99
339;;;;;;;;;;;;;;;;;;;;;;;;99;99;99;99;99;99;99;99;99;99;99;99;99;99
340;;;;;;;;;;;;;;;;;;;;;;;;99;99;99;99;99;99;99;99;99;99;99;99;99;99
341;;;;;;;;;;;;;;;;;;;;;;;;99;99;99;99;99;99;99;99;99;99;99;99;99;99
342;;;;;;;;;;;;;;;;;;;;;;;;99;99;99;99;99;99;99;99;99;99;99;99;99;99
343;;;;;;;;;;;;;;;;;;;;;;;;99;99;99;99;99;99;99;99;99;99;99;99;99;99
344;;;;;;;;;;;;;;;;;;;;;;;;99;99;99;99;99;99;99;99;99;99;99;99;99;99
345;;;;;;;;;;;;;;;;;;;;;;;;99;99;99;99;99;99;99;99;99;99;99;99;99;99
346;;;;;;;;;;;;;;;;;;;;;;;;99;99;99;99;99;99;99;99;99;99;99;99;99;99
347;;;;;;;;;;;;;;;;;;;;;;;;99;99;99;99;99;99;99;99;99;99;99;99;99;99
348;;;;;;;;;;;;;;;;;;;;;;;;99;99;99;99;99;99;99;99;99;99;99;99;99;99
349;;;;;;;;;;;;;;;;;;;;;;;;99;99;99;99;99;99;99;99;99;99;99;99;99;99
350;;;;;;;;;;;;;;;;;;;;;;;;99;99;99;99;99;99;99;99;99;99;99;99;99;99
351;;;;;;;;;;;;;;;;;;;;;;;;99;99;99;99;99;99;99;99;99;99;99;99;99;99
352;;;;;;;;;;;;;;;;;;;;;;;;;99;99;99;99;99;99;99;99;99;99;99;99;99
353;;;;;;;;;;;;;;;;;;;;;;;;;99;99;99;99;99;99;99;99;99;99;99;99;99
354;;;;;;;;;;;;;;;;;;;;;;;;;99;99;99;99;99;99;99;99;99;99;99;99;99
355;;;;;;;;;;;;;;;;;;;;;;;;;99;99;99;99;99;99;99;99;99;99;99;99;99
356;;;;;;;;;;;;;;;;;;;;;;;;;99;99;99;99;99;99;99;99;99;99;99;99;99
357;;;;;;;;;;;;;;;;;;;;;;;;;99;99;99;99;99;99;99;99;99;99;99;99;99
358;;;;;;;;;;;;;;;;;;;;;;;;;99;99;99;99;99;99;99;99;99;99;99;99;99
359;;;;;;;;;;;;;;;;;;;;;;;;;99;99;99;99;99;99;99;99;99;99;99;99;99
360;;;;;;;;;;;;;;;;;;;;;;;;;99;99;99;99;99;99;99;99;99;99;99;99;99
361;;;;;;;;;;;;;;;;;;;;;;;;;99;99;99;99;99;99;99;99;99;99;99;99;99
362;;;;;;;;;;;;;;;;;;;;;;;;;99;99;99;99;99;99;99;99;99;99;99;99;99
363;;;;;;;;;;;;;;;;;;;;;;;;;99;99;99;99;99;99;99;99;99;99;99;99;99
364;;;;;;;;;;;;;;;;;;;;;;;;;99;99;99;99;99;99;99;99;99;99;99;99;99
365;;;;;;;;;;;;;;;;;;;;;;;;;99;99;99;99;99;99;99;99;99;99;99;99;99
366;;;;;;;;;;;;;;;;;;;;;;;;;99;99;99;99;99;99;99;99;99;99;99;99;99
367;;;;;;;;;;;;;;;;;;;;;;;;;99;99;99;99;99;99;99;99;99;99;99;99;99
368;;;;;;;;;;;;;;;;;;;;;;;;;99;99;99;99;99;99;99;99;99;99;99;99;99
369;;;;;;;;;;;;;;;;;;;;;;;;;99;99;99;99;99;99;99;99;99;99;99;99;99
370;;;;;;;;;;;;;;;;;;;;;;;;;99;99;99;99;99;99;99;99;99;99;99;99;99
371;;;;;;;;;;;;;;;;;;;;;;;;;99;99;99;99;99;99;99;99;99;99;99;99;99
372;;;;;;;;;;;;;;;;;;;;;;;;;99;99;99;99;99;99;99;99;99;99;99;99;99
373;;;;;;;;;;;;;;;;;;;;;;;;;99;99;99;99;99;99;99;99;99;99;99;99;99
374;;;;;;;;;;;;;;;;;;;;;;;;;99;99;99;99;99;99;99;99;99;99;99;99;99
375;;;;;;;;;;;;;;;;;;;;;;;;;99;99;99;99;99;99;99;99;99;99;99;99;99
376;;;;;;;;;;;;;;;;;;;;;;;;;99;99;99;99;99;99;99;99;99;99;99;99;99
377;;;;;;;;;;;;;;;;;;;;;;;;;99;99;99;99;99;99;99;99;99;99;99;99;99
378;;;;;;;;;;;;;;;;;;;;;;;;;99;99;99;99;99;99;99;99;99;99;99;99;99
379;;;;;;;;;;;;;;;;;;;;;;;;;;99;99;99;99;99;99;99;99;99;99;99;99
380;;;;;;;;;;;;;;;;;;;;;;;;;;99;99;99;99;99;99;99;99;99;99;99;99
381;;;;;;;;;;;;;;;;;;;;;;;;;;99;99;99;99;99;99;99;99;99;99;99;99
382;;;;;;;;;;;;;;;;;;;;;;;;;;99;99;99;99;99;99;99;99;99;99;99;99
383;;;;;;;;;;;;;;;;;;;;;;;;;;99;99;99;99;99;99;99;99;99;99;99;99
384;;;;;;;;;;;;;;;;;;;;;;;;;;99;99;99;99;99;99;99;99;99;99;99;99
385;;;;;;;;;;;;;;;;;;;;;;;;;;99;99;99;99;99;99;99;99;99;99;99;99
386;;;;;;;;;;;;;;;;;;;;;;;;;;99;99;99;99;99;99;99;99;99;99;99;99
387;;;;;;;;;;;;;;;;;;;;;;;;;;99;99;99;99;99;99;99;99;99;99;99;99
388;;;;;;;;;;;;;;;;;;;;;;;;;;99;99;99;99;99;99;99;99;99;99;99;99
389;;;;;;;;;;;;;;;;;;;;;;;;;;99;99;99;99;99;99;99;99;99;99;99;99
390;;;;;;;;;;;;;;;;;;;;;;;;;;99;99;99;99;99;99;99;99;99;99;99;99
391;;;;;;;;;;;;;;;;;;;;;;;;;;99;99;99;99;99;99;99;99;99;99;99;99
392;;;;;;;;;;;;;;;;;;;;;;;;;;99;99;99;99;99;99;99;99;99;99;99;99
393;;;;;;;;;;;;;;;;;;;;;;;;;;99;99;99;99;99;99;99;99;99;99;99;99
394;;;;;;;;;;;;;;;;;;;;;;;;;;99;99;99;99;99;99;99;99;99;99;99;99
395;;;;;;;;;;;;;;;;;;;;;;;;;;99;99;99;99;99;99;99;99;99;99;99;99
396;;;;;;;;;;;;;;;;;;;;;;;;;;99;99;99;99;99;99;99;99;99;99;99;99
397;;;;;;;;;;;;;;;;;;;;;;;;;;99;99;99;99;99;99;99;99;99;99;99;99
398;;;;;;;;;;;;;;;;;;;;;;;;;;99;99;99;99;99;99;99;99;99;99;99;99
399;;;;;;;;;;;;;;;;;;;;;;;;;;99;99;99;99;99;99;99;99;99;99;99;99
400;;;;;;;;;;;;;;;;;;;;;;;;;;99;99;99;99;99;99;99;99;99;99;99;99
401;;;;;;;;;;;;;;;;;;;;;;;;;;99;99;99;99;99;99;99;99;99;99;99;99
402;;;;;;;;;;;;;;;;;;;;;;;;;;99;99;99;99;99;99;99;99;99;99;99;99
403;;;;;;;;;;;;;;;;;;;;;;;;;;99;99;99;99;99;99;99;99;99;99;99;99
404;;;;;;;;;;;;;;;;;;;;;;;;;;99;99;99;99;99;99;99;99;99;99;99;99
405;;;;;;;;;;;;;;;;;;;;;;;;;;99;99;99;99;99;99;99;99;99;99;99;99
406;;;;;;;;;;;;;;;;;;;;;;;;;;99;99;99;99;99;99;99;99;99;99;99;99
407;;;;;;;;;;;;;;;;;;;;;;;;;;;99;99;99;99;99;99;99;99;99;99;99
408;;;;;;;;;;;;;;;;;;;;;;;;;;;99;99;99;99;99;99;99;99;99;99;99
409;;;;;;;;;;;;;;;;;;;;;;;;;;;99;99;99;99;99;99;99;99;99;99;99
410;;;;;;;;;;;;;;;;;;;;;;;;;;;99;99;99;99;99;99;99;99;99;99;99
411;;;;;;;;;;;;;;;;;;;;;;;;;;;99;99;99;99;99;99;99;99;99;99;99
412;;;;;;;;;;;;;;;;;;;;;;;;;;;99;99;99;99;99;99;99;99;99;99;99
413;;;;;;;;;;;;;;;;;;;;;;;;;;;99;99;99;99;99;99;99;99;99;99;99
414;;;;;;;;;;;;;;;;;;;;;;;;;;;99;99;99;99;99;99;99;99;99;99;99
415;;;;;;;;;;;;;;;;;;;;;;;;;;;99;99;99;99;99;99;99;99;99;99;99
416;;;;;;;;;;;;;;;;;;;;;;;;;;;99;99;99;99;99;99;99;99;99;99;99
417;;;;;;;;;;;;;;;;;;;;;;;;;;;99;99;99;99;99;99;99;99;99;99;99
418;;;;;;;;;;;;;;;;;;;;;;;;;;;99;99;99;99;99;99;99;99;99;99;99
419;;;;;;;;;;;;;;;;;;;;;;;;;;;99;99;99;99;99;99;99;99;99;99;99
420;;;;;;;;;;;;;;;;;;;;;;;;;;;99;99;99;99;99;99;99;99;99;99;99
421;;;;;;;;;;;;;;;;;;;;;;;;;;;99;99;99;99;99;99;99;99;99;99;99
422;;;;;;;;;;;;;;;;;;;;;;;;;;;99;99;99;99;99;99;99;99;99;99;99
423;;;;;;;;;;;;;;;;;;;;;;;;;;;99;99;99;99;99;99;99;99;99;99;99
424;;;;;;;;;;;;;;;;;;;;;;;;;;;99;99;99;99;99;99;99;99;99;99;99
425;;;;;;;;;;;;;;;;;;;;;;;;;;;99;99;99;99;99;99;99;99;99;99;99
426;;;;;;;;;;;;;;;;;;;;;;;;;;;99;99;99;99;99;99;99;99;99;99;99
427;;;;;;;;;;;;;;;;;;;;;;;;;;;99;99;99;99;99;99;99;99;99;99;99
428;;;;;;;;;;;;;;;;;;;;;;;;;;;99;99;99;99;99;99;99;99;99;99;99
429;;;;;;;;;;;;;;;;;;;;;;;;;;;99;99;99;99;99;99;99;99;99;99;99
430;;;;;;;;;;;;;;;;;;;;;;;;;;;99;99;99;99;99;99;99;99;99;99;99
431;;;;;;;;;;;;;;;;;;;;;;;;;;;99;99;99;99;99;99;99;99;99;99;99
432;;;;;;;;;;;;;;;;;;;;;;;;;;;99;99;99;99;99;99;99;99;99;99;99
433;;;;;;;;;;;;;;;;;;;;;;;;;;;99;99;99;99;99;99;99;99;99;99;99
434;;;;;;;;;;;;;;;;;;;;;;;;;;;99;99;99;99;99;99;99;99;99;99;99
435;;;;;;;;;;;;;;;;;;;;;;;;;;;99;99;99;99;99;99;99;99;99;99;99
436;;;;;;;;;;;;;;;;;;;;;;;;;;;;99;99;99;99;99;99;99;99;99;99
437;;;;;;;;;;;;;;;;;;;;;;;;;;;;99;99;99;99;99;99;99;99;99;99
438;;;;;;;;;;;;;;;;;;;;;;;;;;;;99;99;99;99;99;99;99;99;99;99
439;;;;;;;;;;;;;;;;;;;;;;;;;;;;99;99;99;99;99;99;99;99;99;99
440;;;;;;;;;;;;;;;;;;;;;;;;;;;;99;99;99;99;99;99;99;99;99;99
441;;;;;;;;;;;;;;;;;;;;;;;;;;;;99;99;99;99;99;99;99;99;99;99
442;;;;;;;;;;;;;;;;;;;;;;;;;;;;99;99;99;99;99;99;99;99;99;99
443;;;;;;;;;;;;;;;;;;;;;;;;;;;;99;99;99;99;99;99;99;99;99;99
444;;;;;;;;;;;;;;;;;;;;;;;;;;;;99;99;99;99;99;99;99;99;99;99
445;;;;;;;;;;;;;;;;;;;;;;;;;;;;99;99;99;99;99;99;99;99;99;99
446;;;;;;;;;;;;;;;;;;;;;;;;;;;;99;99;99;99;99;99;99;99;99;99
447;;;;;;;;;;;;;;;;;;;;;;;;;;;;99;99;99;99;99;99;99;99;99;99
448;;;;;;;;;;;;;;;;;;;;;;;;;;;;99;99;99;99;99;99;99;99;99;99
449;;;;;;;;;;;;;;;;;;;;;;;;;;;;99;99;99;99;99;99;99;99;99;99
450;;;;;;;;;;;;;;;;;;;;;;;;;;;;99;99;99;99;99;99;99;99;99;99
451;;;;;;;;;;;;;;;;;;;;;;;;;;;;99;99;99;99;99;99;99;99;99;99
452;;;;;;;;;;;;;;;;;;;;;;;;;;;;99;99;99;99;99;99;99;99;99;99
453;;;;;;;;;;;;;;;;;;;;;;;;;;;;99;99;99;99;99;99;99;99;99;99
454;;;;;;;;;;;;;;;;;;;;;;;;;;;;99;99;99;99;99;99;99;99;99;99
455;;;;;;;;;;;;;;;;;;;;;;;;;;;;99;99;99;99;99;99;99;99;99;99
456;;;;;;;;;;;;;;;;;;;;;;;;;;;;99;99;99;99;99;99;99;99;99;99
457;;;;;;;;;;;;;;;;;;;;;;;;;;;;99;99;99;99;99;99;99;99;99;99
458;;;;;;;;;;;;;;;;;;;;;;;;;;;;99;99;99;99;99;99;99;99;99;99
459;;;;;;;;;;;;;;;;;;;;;;;;;;;;99;99;99;99;99;99;99;99;99;99
460;;;;;;;;;;;;;;;;;;;;;;;;;;;;99;99;99;99;99;99;99;99;99;99
461;;;;;;;;;;;;;;;;;;;;;;;;;;;;99;99;99;99;99;99;99;99;99;99
462;;;;;;;;;;;;;;;;;;;;;;;;;;;;99;99;99;99;99;99;99;99;99;99
463;;;;;;;;;;;;;;;;;;;;;;;;;;;;99;99;99;99;99;99;99;99;99;99
464;;;;;;;;;;;;;;;;;;;;;;;;;;;;99;99;99;99;99;99;99;99;99;99
465;;;;;;;;;;;;;;;;;;;;;;;;;;;;99;99;99;99;99;99;99;99;99;99
466;;;;;;;;;;;;;;;;;;;;;;;;;;;;;99;99;99;99;99;99;99;99;99
467;;;;;;;;;;;;;;;;;;;;;;;;;;;;;99;99;99;99;99;99;99;99;99
468;;;;;;;;;;;;;;;;;;;;;;;;;;;;;99;99;99;99;99;99;99;99;99
469;;;;;;;;;;;;;;;;;;;;;;;;;;;;;99;99;99;99;99;99;99;99;99
470;;;;;;;;;;;;;;;;;;;;;;;;;;;;;99;99;99;99;99;99;99;99;99
471;;;;;;;;;;;;;;;;;;;;;;;;;;;;;99;99;99;99;99;99;99;99;99
472;;;;;;;;;;;;;;;;;;;;;;;;;;;;;99;99;99;99;99;99;99;99;99
473;;;;;;;;;;;;;;;;;;;;;;;;;;;;;99;99;99;99;99;99;99;99;99
474;;;;;;;;;;;;;;;;;;;;;;;;;;;;;99;99;99;99;99;99;99;99;99
475;;;;;;;;;;;;;;;;;;;;;;;;;;;;;99;99;99;99;99;99;99;99;99
476;;;;;;;;;;;;;;;;;;;;;;;;;;;;;99;99;99;99;99;99;99;99;99
477;;;;;;;;;;;;;;;;;;;;;;;;;;;;;99;99;99;99;99;99;99;99;99
478;;;;;;;;;;;;;;;;;;;;;;;;;;;;;99;99;99;99;99;99;99;99;99
479;;;;;;;;;;;;;;;;;;;;;;;;;;;;;99;99;99;99;99;99;99;99;99
480;;;;;;;;;;;;;;;;;;;;;;;;;;;;;99;99;99;99;99;99;99;99;99
481;;;;;;;;;;;;;;;;;;;;;;;;;;;;;99;99;99;99;99;99;99;99;99
482;;;;;;;;;;;;;;;;;;;;;;;;;;;;;99;99;99;99;99;99;99;99;99
483;;;;;;;;;;;;;;;;;;;;;;;;;;;;;99;99;99;99;99;99;99;99;99
484;;;;;;;;;;;;;;;;;;;;;;;;;;;;;99;99;99;99;99;99;99;99;99
485;;;;;;;;;;;;;;;;;;;;;;;;;;;;;99;99;99;99;99;99;99;99;99
486;;;;;;;;;;;;;;;;;;;;;;;;;;;;;99;99;99;99;99;99;99;99;99
487;;;;;;;;;;;;;;;;;;;;;;;;;;;;;99;99;99;99;99;99;99;99;99
488;;;;;;;;;;;;;;;;;;;;;;;;;;;;;99;99;99;99;99;99;99;99;99
489;;;;;;;;;;;;;;;;;;;;;;;;;;;;;99;99;99;99;99;99;99;99;99
490;;;;;;;;;;;;;;;;;;;;;;;;;;;;;99;99;99;99;99;99;99;99;99
491;;;;;;;;;;;;;;;;;;;;;;;;;;;;;99;99;99;99;99;99;99;99;99
492;;;;;;;;;;;;;;;;;;;;;;;;;;;;;99;99;99;99;99;99;99;99;99
493;;;;;;;;;;;;;;;;;;;;;;;;;;;;;99;99;99;99;99;99;99;99;99
494;;;;;;;;;;;;;;;;;;;;;;;;;;;;;99;99;99;99;99;99;99;99;99
495;;;;;;;;;;;;;;;;;;;;;;;;;;;;;99;99;99;99;99;99;99;99;99
496;;;;;;;;;;;;;;;;;;;;;;;;;;;;;99;99;99;99;99;99;99;99;99
497;;;;;;;;;;;;;;;;;;;;;;;;;;;;;;99;99;99;99;99;99;99;99
498;;;;;;;;;;;;;;;;;;;;;;;;;;;;;;99;99;99;99;99;99;99;99
499;;;;;;;;;;;;;;;;;;;;;;;;;;;;;;99;99;99;99;99;99;99;99
500;;;;;;;;;;;;;;;;;;;;;;;;;;;;;;99;99;99;99;99;99;99;99
501;;;;;;;;;;;;;;;;;;;;;;;;;;;;;;99;99;99;99;99;99;99;99
502;;;;;;;;;;;;;;;;;;;;;;;;;;;;;;99;99;99;99;99;99;99;99
503;;;;;;;;;;;;;;;;;;;;;;;;;;;;;;99;99;99;99;99;99;99;99
504;;;;;;;;;;;;;;;;;;;;;;;;;;;;;;99;99;99;99;99;99;99;99
505;;;;;;;;;;;;;;;;;;;;;;;;;;;;;;99;99;99;99;99;99;99;99
506;;;;;;;;;;;;;;;;;;;;;;;;;;;;;;99;99;99;99;99;99;99;99
507;;;;;;;;;;;;;;;;;;;;;;;;;;;;;;99;99;99;99;99;99;99;99
508;;;;;;;;;;;;;;;;;;;;;;;;;;;;;;99;99;99;99;99;99;99;99
509;;;;;;;;;;;;;;;;;;;;;;;;;;;;;;99;99;99;99;99;99;99;99
510;;;;;;;;;;;;;;;;;;;;;;;;;;;;;;99;99;99;99;99;99;99;99
511;;;;;;;;;;;;;;;;;;;;;;;;;;;;;;99;99;99;99;99;99;99;99
512;;;;;;;;;;;;;;;;;;;;;;;;;;;;;;99;99;99;99;99;99;99;99
513;;;;;;;;;;;;;;;;;;;;;;;;;;;;;;99;99;99;99;99;99;99;99
514;;;;;;;;;;;;;;;;;;;;;;;;;;;;;;99;99;99;99;99;99;99;99
515;;;;;;;;;;;;;;;;;;;;;;;;;;;;;;99;99;99;99;99;99;99;99
516;;;;;;;;;;;;;;;;;;;;;;;;;;;;;;99;99;99;99;99;99;99;99
517;;;;;;;;;;;;;;;;;;;;;;;;;;;;;;99;99;99;99;99;99;99;99
518;;;;;;;;;;;;;;;;;;;;;;;;;;;;;;99;99;99;99;99;99;99;99
519;;;;;;;;;;;;;;;;;;;;;;;;;;;;;;99;99;99;99;99;99;99;99
520;;;;;;;;;;;;;;;;;;;;;;;;;;;;;;99;99;99;99;99;99;99;99
521;;;;;;;;;;;;;;;;;;;;;;;;;;;;;;99;99;99;99;99;99;99;99
522;;;;;;;;;;;;;;;;;;;;;;;;;;;;;;99;99;99;99;99;99;99;99
523;;;;;;;;;;;;;;;;;;;;;;;;;;;;;;99;99;99;99;99;99;99;99
524;;;;;;;;;;;;;;;;;;;;;;;;;;;;;;99;99;99;99;99;99;99;99
525;;;;;;;;;;;;;;;;;;;;;;;;;;;;;;99;99;99;99;99;99;99;99
526;;;;;;;;;;;;;;;;;;;;;;;;;;;;;;99;99;99;99;99;99;99;99
527;;;;;;;;;;;;;;;;;;;;;;;;;;;;;;99;99;99;99;99;99;99;99
528;;;;;;;;;;;;;;;;;;;;;;;;;;;;;;99;99;99;99;99;99;99;99
529;;;;;;;;;;;;;;;;;;;;;;;;;;;;;;;99;99;99;99;99;99;99
530;;;;;;;;;;;;;;;;;;;;;;;;;;;;;;;99;99;99;99;99;99;99
531;;;;;;;;;;;;;;;;;;;;;;;;;;;;;;;99;99;99;99;99;99;99
532;;;;;;;;;;;;;;;;;;;;;;;;;;;;;;;99;99;99;99;99;99;99
533;;;;;;;;;;;;;;;;;;;;;;;;;;;;;;;99;99;99;99;99;99;99
534;;;;;;;;;;;;;;;;;;;;;;;;;;;;;;;99;99;99;99;99;99;99
535;;;;;;;;;;;;;;;;;;;;;;;;;;;;;;;99;99;99;99;99;99;99
536;;;;;;;;;;;;;;;;;;;;;;;;;;;;;;;99;99;99;99;99;99;99
537;;;;;;;;;;;;;;;;;;;;;;;;;;;;;;;99;99;99;99;99;99;99
538;;;;;;;;;;;;;;;;;;;;;;;;;;;;;;;99;99;99;99;99;99;99
539;;;;;;;;;;;;;;;;;;;;;;;;;;;;;;;99;99;99;99;99;99;99
540;;;;;;;;;;;;;;;;;;;;;;;;;;;;;;;99;99;99;99;99;99;99
541;;;;;;;;;;;;;;;;;;;;;;;;;;;;;;;99;99;99;99;99;99;99
542;;;;;;;;;;;;;;;;;;;;;;;;;;;;;;;99;99;99;99;99;99;99
543;;;;;;;;;;;;;;;;;;;;;;;;;;;;;;;99;99;99;99;99;99;99
544;;;;;;;;;;;;;;;;;;;;;;;;;;;;;;;99;99;99;99;99;99;99
545;;;;;;;;;;;;;;;;;;;;;;;;;;;;;;;99;99;99;99;99;99;99
546;;;;;;;;;;;;;;;;;;;;;;;;;;;;;;;99;99;99;99;99;99;99
547;;;;;;;;;;;;;;;;;;;;;;;;;;;;;;;99;99;99;99;99;99;99
548;;;;;;;;;;;;;;;;;;;;;;;;;;;;;;;99;99;99;99;99;99;99
549;;;;;;;;;;;;;;;;;;;;;;;;;;;;;;;99;99;99;99;99;99;99
550;;;;;;;;;;;;;;;;;;;;;;;;;;;;;;;99;99;99;99;99;99;99
551;;;;;;;;;;;;;;;;;;;;;;;;;;;;;;;99;99;99;99;99;99;99
552;;;;;;;;;;;;;;;;;;;;;;;;;;;;;;;99;99;99;99;99;99;99
553;;;;;;;;;;;;;;;;;;;;;;;;;;;;;;;99;99;99;99;99;99;99
554;;;;;;;;;;;;;;;;;;;;;;;;;;;;;;;99;99;99;99;99;99;99
555;;;;;;;;;;;;;;;;;;;;;;;;;;;;;;;99;99;99;99;99;99;99
556;;;;;;;;;;;;;;;;;;;;;;;;;;;;;;;99;99;99;99;99;99;99
557;;;;;;;;;;;;;;;;;;;;;;;;;;;;;;;99;99;99;99;99;99;99
558;;;;;;;;;;;;;;;;;;;;;;;;;;;;;;;99;99;99;99;99;99;99
559;;;;;;;;;;;;;;;;;;;;;;;;;;;;;;;99;99;99;99;99;99;99
560;;;;;;;;;;;;;;;;;;;;;;;;;;;;;;;99;99;99;99;99;99;99
561;;;;;;;;;;;;;;;;;;;;;;;;;;;;;;;99;99;99;99;99;99;99
562;;;;;;;;;;;;;;;;;;;;;;;;;;;;;;;;99;99;99;99;99;99
563;;;;;;;;;;;;;;;;;;;;;;;;;;;;;;;;99;99;99;99;99;99
564;;;;;;;;;;;;;;;;;;;;;;;;;;;;;;;;99;99;99;99;99;99
565;;;;;;;;;;;;;;;;;;;;;;;;;;;;;;;;99;99;99;99;99;99
566;;;;;;;;;;;;;;;;;;;;;;;;;;;;;;;;99;99;99;99;99;99
567;;;;;;;;;;;;;;;;;;;;;;;;;;;;;;;;99;99;99;99;99;99
568;;;;;;;;;;;;;;;;;;;;;;;;;;;;;;;;99;99;99;99;99;99
569;;;;;;;;;;;;;;;;;;;;;;;;;;;;;;;;99;99;99;99;99;99
570;;;;;;;;;;;;;;;;;;;;;;;;;;;;;;;;99;99;99;99;99;99
571;;;;;;;;;;;;;;;;;;;;;;;;;;;;;;;;99;99;99;99;99;99
572;;;;;;;;;;;;;;;;;;;;;;;;;;;;;;;;99;99;99;99;99;99
573;;;;;;;;;;;;;;;;;;;;;;;;;;;;;;;;99;99;99;99;99;99
574;;;;;;;;;;;;;;;;;;;;;;;;;;;;;;;;99;99;99;99;99;99
575;;;;;;;;;;;;;;;;;;;;;;;;;;;;;;;;99;99;99;99;99;99
576;;;;;;;;;;;;;;;;;;;;;;;;;;;;;;;;99;99;99;99;99;99
577;;;;;;;;;;;;;;;;;;;;;;;;;;;;;;;;99;99;99;99;99;99
578;;;;;;;;;;;;;;;;;;;;;;;;;;;;;;;;99;99;99;99;99;99
579;;;;;;;;;;;;;;;;;;;;;;;;;;;;;;;;99;99;99;99;99;99
580;;;;;;;;;;;;;;;;;;;;;;;;;;;;;;;;99;99;99;99;99;99
581;;;;;;;;;;;;;;;;;;;;;;;;;;;;;;;;99;99;99;99;99;99
582;;;;;;;;;;;;;;;;;;;;;;;;;;;;;;;;99;99;99;99;99;99
583;;;;;;;;;;;;;;;;;;;;;;;;;;;;;;;;99;99;99;99;99;99
584;;;;;;;;;;;;;;;;;;;;;;;;;;;;;;;;99;99;99;99;99;99
585;;;;;;;;;;;;;;;;;;;;;;;;;;;;;;;;99;99;99;99;99;99
586;;;;;;;;;;;;;;;;;;;;;;;;;;;;;;;;99;99;99;99;99;99
587;;;;;;;;;;;;;;;;;;;;;;;;;;;;;;;;99;99;99;99;99;99
588;;;;;;;;;;;;;;;;;;;;;;;;;;;;;;;;99;99;99;99;99;99
589;;;;;;;;;;;;;;;;;;;;;;;;;;;;;;;;99;99;99;99;99;99
590;;;;;;;;;;;;;;;;;;;;;;;;;;;;;;;;99;99;99;99;99;99
591;;;;;;;;;;;;;;;;;;;;;;;;;;;;;;;;99;99;99;99;99;99
592;;;;;;;;;;;;;;;;;;;;;;;;;;;;;;;;99;99;99;99;99;99
593;;;;;;;;;;;;;;;;;;;;;;;;;;;;;;;;99;99;99;99;99;99
594;;;;;;;;;;;;;;;;;;;;;;;;;;;;;;;;99;99;99;99;99;99
595;;;;;;;;;;;;;;;;;;;;;;;;;;;;;;;;99;99;99;99;99;99
596;;;;;;;;;;;;;;;;;;;;;;;;;;;;;;;;;99;99;99;99;99
597;;;;;;;;;;;;;;;;;;;;;;;;;;;;;;;;;99;99;99;99;99
598;;;;;;;;;;;;;;;;;;;;;;;;;;;;;;;;;99;99;99;99;99
599;;;;;;;;;;;;;;;;;;;;;;;;;;;;;;;;;99;99;99;99;99
600;;;;;;;;;;;;;;;;;;;;;;;;;;;;;;;;;99;99;99;99;99
601;;;;;;;;;;;;;;;;;;;;;;;;;;;;;;;;;99;99;99;99;99
602;;;;;;;;;;;;;;;;;;;;;;;;;;;;;;;;;99;99;99;99;99
603;;;;;;;;;;;;;;;;;;;;;;;;;;;;;;;;;99;99;99;99;99
604;;;;;;;;;;;;;;;;;;;;;;;;;;;;;;;;;99;99;99;99;99
605;;;;;;;;;;;;;;;;;;;;;;;;;;;;;;;;;99;99;99;99;99
606;;;;;;;;;;;;;;;;;;;;;;;;;;;;;;;;;99;99;99;99;99
607;;;;;;;;;;;;;;;;;;;;;;;;;;;;;;;;;99;99;99;99;99
608;;;;;;;;;;;;;;;;;;;;;;;;;;;;;;;;;99;99;99;99;99
609;;;;;;;;;;;;;;;;;;;;;;;;;;;;;;;;;99;99;99;99;99
610;;;;;;;;;;;;;;;;;;;;;;;;;;;;;;;;;99;99;99;99;99
611;;;;;;;;;;;;;;;;;;;;;;;;;;;;;;;;;99;99;99;99;99
612;;;;;;;;;;;;;;;;;;;;;;;;;;;;;;;;;99;99;99;99;99
613;;;;;;;;;;;;;;;;;;;;;;;;;;;;;;;;;99;99;99;99;99
614;;;;;;;;;;;;;;;;;;;;;;;;;;;;;;;;;99;99;99;99;99
615;;;;;;;;;;;;;;;;;;;;;;;;;;;;;;;;;99;99;99;99;99
616;;;;;;;;;;;;;;;;;;;;;;;;;;;;;;;;;99;99;99;99;99
617;;;;;;;;;;;;;;;;;;;;;;;;;;;;;;;;;99;99;99;99;99
618;;;;;;;;;;;;;;;;;;;;;;;;;;;;;;;;;99;99;99;99;99
619;;;;;;;;;;;;;;;;;;;;;;;;;;;;;;;;;99;99;99;99;99
620;;;;;;;;;;;;;;;;;;;;;;;;;;;;;;;;;99;99;99;99;99
621;;;;;;;;;;;;;;;;;;;;;;;;;;;;;;;;;99;99;99;99;99
622;;;;;;;;;;;;;;;;;;;;;;;;;;;;;;;;;99;99;99;99;99
623;;;;;;;;;;;;;;;;;;;;;;;;;;;;;;;;;99;99;99;99;99
624;;;;;;;;;;;;;;;;;;;;;;;;;;;;;;;;;99;99;99;99;99
625;;;;;;;;;;;;;;;;;;;;;;;;;;;;;;;;;99;99;99;99;99
626;;;;;;;;;;;;;;;;;;;;;;;;;;;;;;;;;99;99;99;99;99
627;;;;;;;;;;;;;;;;;;;;;;;;;;;;;;;;;99;99;99;99;99
628;;;;;;;;;;;;;;;;;;;;;;;;;;;;;;;;;99;99;99;99;99
629;;;;;;;;;;;;;;;;;;;;;;;;;;;;;;;;;99;99;99;99;99
630;;;;;;;;;;;;;;;;;;;;;;;;;;;;;;;;;99;99;99;99;99
631;;;;;;;;;;;;;;;;;;;;;;;;;;;;;;;;;;99;99;99;99
632;;;;;;;;;;;;;;;;;;;;;;;;;;;;;;;;;;99;99;99;99
633;;;;;;;;;;;;;;;;;;;;;;;;;;;;;;;;;;99;99;99;99
634;;;;;;;;;;;;;;;;;;;;;;;;;;;;;;;;;;99;99;99;99
635;;;;;;;;;;;;;;;;;;;;;;;;;;;;;;;;;;99;99;99;99
636;;;;;;;;;;;;;;;;;;;;;;;;;;;;;;;;;;99;99;99;99
637;;;;;;;;;;;;;;;;;;;;;;;;;;;;;;;;;;99;99;99;99
638;;;;;;;;;;;;;;;;;;;;;;;;;;;;;;;;;;99;99;99;99
639;;;;;;;;;;;;;;;;;;;;;;;;;;;;;;;;;;99;99;99;99
640;;;;;;;;;;;;;;;;;;;;;;;;;;;;;;;;;;99;99;99;99
641;;;;;;;;;;;;;;;;;;;;;;;;;;;;;;;;;;99;99;99;99
642;;;;;;;;;;;;;;;;;;;;;;;;;;;;;;;;;;99;99;99;99
643;;;;;;;;;;;;;;;;;;;;;;;;;;;;;;;;;;99;99;99;99
644;;;;;;;;;;;;;;;;;;;;;;;;;;;;;;;;;;99;99;99;99
645;;;;;;;;;;;;;;;;;;;;;;;;;;;;;;;;;;99;99;99;99
646;;;;;;;;;;;;;;;;;;;;;;;;;;;;;;;;;;99;99;99;99
647;;;;;;;;;;;;;;;;;;;;;;;;;;;;;;;;;;99;99;99;99
648;;;;;;;;;;;;;;;;;;;;;;;;;;;;;;;;;;99;99;99;99
649;;;;;;;;;;;;;;;;;;;;;;;;;;;;;;;;;;99;99;99;99
650;;;;;;;;;;;;;;;;;;;;;;;;;;;;;;;;;;99;99;99;99
651;;;;;;;;;;;;;;;;;;;;;;;;;;;;;;;;;;99;99;99;99
652;;;;;;;;;;;;;;;;;;;;;;;;;;;;;;;;;;99;99;99;99
653;;;;;;;;;;;;;;;;;;;;;;;;;;;;;;;;;;99;99;99;99
654;;;;;;;;;;;;;;;;;;;;;;;;;;;;;;;;;;99;99;99;99
655;;;;;;;;;;;;;;;;;;;;;;;;;;;;;;;;;;99;99;99;99
656;;;;;;;;;;;;;;;;;;;;;;;;;;;;;;;;;;99;99;99;99
657;;;;;;;;;;;;;;;;;;;;;;;;;;;;;;;;;;99;99;99;99
658;;;;;;;;;;;;;;;;;;;;;;;;;;;;;;;;;;99;99;99;99
659;;;;;;;;;;;;;;;;;;;;;;;;;;;;;;;;;;99;99;99;99
660;;;;;;;;;;;;;;;;;;;;;;;;;;;;;;;;;;99;99;99;99
661;;;;;;;;;;;;;;;;;;;;;;;;;;;;;;;;;;99;99;99;99
662;;;;;;;;;;;;;;;;;;;;;;;;;;;;;;;;;;99;99;99;99
663;;;;;;;;;;;;;;;;;;;;;;;;;;;;;;;;;;99;99;99;99
664;;;;;;;;;;;;;;;;;;;;;;;;;;;;;;;;;;99;99;99;99
665;;;;;;;;;;;;;;;;;;;;;;;;;;;;;;;;;;99;99;99;99
666;;;;;;;;;;;;;;;;;;;;;;;;;;;;;;;;;;99;99;99;99
667;;;;;;;;;;;;;;;;;;;;;;;;;;;;;;;;;;;99;99;99
668;;;;;;;;;;;;;;;;;;;;;;;;;;;;;;;;;;;99;99;99
669;;;;;;;;;;;;;;;;;;;;;;;;;;;;;;;;;;;99;99;99
670;;;;;;;;;;;;;;;;;;;;;;;;;;;;;;;;;;;99;99;99
671;;;;;;;;;;;;;;;;;;;;;;;;;;;;;;;;;;;99;99;99
672;;;;;;;;;;;;;;;;;;;;;;;;;;;;;;;;;;;99;99;99
673;;;;;;;;;;;;;;;;;;;;;;;;;;;;;;;;;;;99;99;99
674;;;;;;;;;;;;;;;;;;;;;;;;;;;;;;;;;;;99;99;99
675;;;;;;;;;;;;;;;;;;;;;;;;;;;;;;;;;;;99;99;99
676;;;;;;;;;;;;;;;;;;;;;;;;;;;;;;;;;;;99;99;99
677;;;;;;;;;;;;;;;;;;;;;;;;;;;;;;;;;;;99;99;99
678;;;;;;;;;;;;;;;;;;;;;;;;;;;;;;;;;;;99;99;99
679;;;;;;;;;;;;;;;;;;;;;;;;;;;;;;;;;;;99;99;99
680;;;;;;;;;;;;;;;;;;;;;;;;;;;;;;;;;;;99;99;99
681;;;;;;;;;;;;;;;;;;;;;;;;;;;;;;;;;;;99;99;99
682;;;;;;;;;;;;;;;;;;;;;;;;;;;;;;;;;;;99;99;99
683;;;;;;;;;;;;;;;;;;;;;;;;;;;;;;;;;;;99;99;99
684;;;;;;;;;;;;;;;;;;;;;;;;;;;;;;;;;;;99;99;99
685;;;;;;;;;;;;;;;;;;;;;;;;;;;;;;;;;;;99;99;99
686;;;;;;;;;;;;;;;;;;;;;;;;;;;;;;;;;;;99;99;99
687;;;;;;;;;;;;;;;;;;;;;;;;;;;;;;;;;;;99;99;99
688;;;;;;;;;;;;;;;;;;;;;;;;;;;;;;;;;;;99;99;99
689;;;;;;;;;;;;;;;;;;;;;;;;;;;;;;;;;;;99;99;99
690;;;;;;;;;;;;;;;;;;;;;;;;;;;;;;;;;;;99;99;99
691;;;;;;;;;;;;;;;;;;;;;;;;;;;;;;;;;;;99;99;99
692;;;;;;;;;;;;;;;;;;;;;;;;;;;;;;;;;;;99;99;99
693;;;;;;;;;;;;;;;;;;;;;;;;;;;;;;;;;;;99;99;99
694;;;;;;;;;;;;;;;;;;;;;;;;;;;;;;;;;;;99;99;99
695;;;;;;;;;;;;;;;;;;;;;;;;;;;;;;;;;;;99;99;99
696;;;;;;;;;;;;;;;;;;;;;;;;;;;;;;;;;;;99;99;99
697;;;;;;;;;;;;;;;;;;;;;;;;;;;;;;;;;;;99;99;99
698;;;;;;;;;;;;;;;;;;;;;;;;;;;;;;;;;;;99;99;99
699;;;;;;;;;;;;;;;;;;;;;;;;;;;;;;;;;;;99;99;99
700;;;;;;;;;;;;;;;;;;;;;;;;;;;;;;;;;;;99;99;99
701;;;;;;;;;;;;;;;;;;;;;;;;;;;;;;;;;;;99;99;99
702;;;;;;;;;;;;;;;;;;;;;;;;;;;;;;;;;;;99;99;99
703;;;;;;;;;;;;;;;;;;;;;;;;;;;;;;;;;;;99;99;99
704;;;;;;;;;;;;;;;;;;;;;;;;;;;;;;;;;;;;99;99
705;;;;;;;;;;;;;;;;;;;;;;;;;;;;;;;;;;;;99;99
706;;;;;;;;;;;;;;;;;;;;;;;;;;;;;;;;;;;;99;99
707;;;;;;;;;;;;;;;;;;;;;;;;;;;;;;;;;;;;99;99
708;;;;;;;;;;;;;;;;;;;;;;;;;;;;;;;;;;;;99;99
709;;;;;;;;;;;;;;;;;;;;;;;;;;;;;;;;;;;;99;99
710;;;;;;;;;;;;;;;;;;;;;;;;;;;;;;;;;;;;99;99
711;;;;;;;;;;;;;;;;;;;;;;;;;;;;;;;;;;;;99;99
712;;;;;;;;;;;;;;;;;;;;;;;;;;;;;;;;;;;;99;99
713;;;;;;;;;;;;;;;;;;;;;;;;;;;;;;;;;;;;99;99
714;;;;;;;;;;;;;;;;;;;;;;;;;;;;;;;;;;;;99;99
715;;;;;;;;;;;;;;;;;;;;;;;;;;;;;;;;;;;;99;99
716;;;;;;;;;;;;;;;;;;;;;;;;;;;;;;;;;;;;99;99
717;;;;;;;;;;;;;;;;;;;;;;;;;;;;;;;;;;;;99;99
718;;;;;;;;;;;;;;;;;;;;;;;;;;;;;;;;;;;;99;99
719;;;;;;;;;;;;;;;;;;;;;;;;;;;;;;;;;;;;99;99
720;;;;;;;;;;;;;;;;;;;;;;;;;;;;;;;;;;;;99;99
721;;;;;;;;;;;;;;;;;;;;;;;;;;;;;;;;;;;;99;99
722;;;;;;;;;;;;;;;;;;;;;;;;;;;;;;;;;;;;99;99
723;;;;;;;;;;;;;;;;;;;;;;;;;;;;;;;;;;;;99;99
724;;;;;;;;;;;;;;;;;;;;;;;;;;;;;;;;;;;;99;99
725;;;;;;;;;;;;;;;;;;;;;;;;;;;;;;;;;;;;99;99
726;;;;;;;;;;;;;;;;;;;;;;;;;;;;;;;;;;;;99;99
727;;;;;;;;;;;;;;;;;;;;;;;;;;;;;;;;;;;;99;99
728;;;;;;;;;;;;;;;;;;;;;;;;;;;;;;;;;;;;99;99
729;;;;;;;;;;;;;;;;;;;;;;;;;;;;;;;;;;;;99;99
730;;;;;;;;;;;;;;;;;;;;;;;;;;;;;;;;;;;;99;99
731;;;;;;;;;;;;;;;;;;;;;;;;;;;;;;;;;;;;99;99
732;;;;;;;;;;;;;;;;;;;;;;;;;;;;;;;;;;;;99;99
733;;;;;;;;;;;;;;;;;;;;;;;;;;;;;;;;;;;;99;99
734;;;;;;;;;;;;;;;;;;;;;;;;;;;;;;;;;;;;99;99
735;;;;;;;;;;;;;;;;;;;;;;;;;;;;;;;;;;;;99;99
736;;;;;;;;;;;;;;;;;;;;;;;;;;;;;;;;;;;;99;99
737;;;;;;;;;;;;;;;;;;;;;;;;;;;;;;;;;;;;99;99
738;;;;;;;;;;;;;;;;;;;;;;;;;;;;;;;;;;;;99;99
739;;;;;;;;;;;;;;;;;;;;;;;;;;;;;;;;;;;;99;99
740;;;;;;;;;;;;;;;;;;;;;;;;;;;;;;;;;;;;99;99
741;;;;;;;;;;;;;;;;;;;;;;;;;;;;;;;;;;;;99;99
742;;;;;;;;;;;;;;;;;;;;;;;;;;;;;;;;;;;;;99
743;;;;;;;;;;;;;;;;;;;;;;;;;;;;;;;;;;;;;99
744;;;;;;;;;;;;;;;;;;;;;;;;;;;;;;;;;;;;;99
745;;;;;;;;;;;;;;;;;;;;;;;;;;;;;;;;;;;;;99
746;;;;;;;;;;;;;;;;;;;;;;;;;;;;;;;;;;;;;99
747;;;;;;;;;;;;;;;;;;;;;;;;;;;;;;;;;;;;;99
748;;;;;;;;;;;;;;;;;;;;;;;;;;;;;;;;;;;;;99
749;;;;;;;;;;;;;;;;;;;;;;;;;;;;;;;;;;;;;99
750;;;;;;;;;;;;;;;;;;;;;;;;;;;;;;;;;;;;;99
751;;;;;;;;;;;;;;;;;;;;;;;;;;;;;;;;;;;;;99
752;;;;;;;;;;;;;;;;;;;;;;;;;;;;;;;;;;;;;99
753;;;;;;;;;;;;;;;;;;;;;;;;;;;;;;;;;;;;;99
754;;;;;;;;;;;;;;;;;;;;;;;;;;;;;;;;;;;;;99
755;;;;;;;;;;;;;;;;;;;;;;;;;;;;;;;;;;;;;99
756;;;;;;;;;;;;;;;;;;;;;;;;;;;;;;;;;;;;;99
757;;;;;;;;;;;;;;;;;;;;;;;;;;;;;;;;;;;;;99
758;;;;;;;;;;;;;;;;;;;;;;;;;;;;;;;;;;;;;99
759;;;;;;;;;;;;;;;;;;;;;;;;;;;;;;;;;;;;;99
760;;;;;;;;;;;;;;;;;;;;;;;;;;;;;;;;;;;;;99
761;;;;;;;;;;;;;;;;;;;;;;;;;;;;;;;;;;;;;99
762;;;;;;;;;;;;;;;;;;;;;;;;;;;;;;;;;;;;;99
763;;;;;;;;;;;;;;;;;;;;;;;;;;;;;;;;;;;;;99
764;;;;;;;;;;;;;;;;;;;;;;;;;;;;;;;;;;;;;99
765;;;;;;;;;;;;;;;;;;;;;;;;;;;;;;;;;;;;;99
766;;;;;;;;;;;;;;;;;;;;;;;;;;;;;;;;;;;;;99
767;;;;;;;;;;;;;;;;;;;;;;;;;;;;;;;;;;;;;99
768;;;;;;;;;;;;;;;;;;;;;;;;;;;;;;;;;;;;;99
769;;;;;;;;;;;;;;;;;;;;;;;;;;;;;;;;;;;;;99
770;;;;;;;;;;;;;;;;;;;;;;;;;;;;;;;;;;;;;99
771;;;;;;;;;;;;;;;;;;;;;;;;;;;;;;;;;;;;;99
772;;;;;;;;;;;;;;;;;;;;;;;;;;;;;;;;;;;;;99
773;;;;;;;;;;;;;;;;;;;;;;;;;;;;;;;;;;;;;99
774;;;;;;;;;;;;;;;;;;;;;;;;;;;;;;;;;;;;;99
775;;;;;;;;;;;;;;;;;;;;;;;;;;;;;;;;;;;;;99
776;;;;;;;;;;;;;;;;;;;;;;;;;;;;;;;;;;;;;99
777;;;;;;;;;;;;;;;;;;;;;;;;;;;;;;;;;;;;;99
778;;;;;;;;;;;;;;;;;;;;;;;;;;;;;;;;;;;;;99
779;;;;;;;;;;;;;;;;;;;;;;;;;;;;;;;;;;;;;99
780;;;;;;;;;;;;;;;;;;;;;;;;;;;;;;;;;;;;;99
781;;;;;;;;;;;;;;;;;;;;;;;;;;;;;;;;;;;;;99